drug,side_effect,mentions,negative_reviews,pct_of_negative_reviews
Abacavir / dolutegravir / lamivudine,joint / muscle pain,2,3,66.7
Abacavir / dolutegravir / lamivudine,dizziness,1,3,33.3
Abacavir / dolutegravir / lamivudine,headache,1,3,33.3
Abacavir / dolutegravir / lamivudine,insomnia,1,3,33.3
Abacavir / dolutegravir / lamivudine,nausea,1,3,33.3
Abilify,weight gain,17,96,17.7
Abilify,fatigue,8,96,8.3
Abilify,dizziness,7,96,7.3
Abilify,nausea,7,96,7.3
Abilify,insomnia,6,96,6.2
Abilify,vomiting,4,96,4.2
Abilify,drowsiness,3,96,3.1
Abilify,headache,2,96,2.1
Abilify,heart palpitations,1,96,1.0
Abilify,joint / muscle pain,1,96,1.0
Abilify,rash / itching,1,96,1.0
Abilify Maintena,insomnia,1,1,100.0
Abreva,acne,4,46,8.7
Acamprosate,dizziness,1,5,20.0
Acamprosate,nausea,1,5,20.0
Acanya,depression,1,5,20.0
Acarbose,diarrhea,1,1,100.0
Accutane,depression,4,24,16.7
Accutane,anxiety,2,24,8.3
Accutane,mood swings,2,24,8.3
Accutane,bleeding,1,24,4.2
Accutane,diarrhea,1,24,4.2
Accutane,headache,1,24,4.2
Accutane,low libido,1,24,4.2
Acetaminophen / aspirin / caffeine,anxiety,5,23,21.7
Acetaminophen / aspirin / caffeine,dizziness,5,23,21.7
Acetaminophen / aspirin / caffeine,nausea,4,23,17.4
Acetaminophen / aspirin / caffeine,fatigue,2,23,8.7
Acetaminophen / aspirin / caffeine,depression,1,23,4.3
Acetaminophen / aspirin / caffeine,vomiting,1,23,4.3
Acetaminophen / butalbital / caffeine,anxiety,1,9,11.1
Acetaminophen / butalbital / caffeine,drowsiness,1,9,11.1
Acetaminophen / caffeine / dihydrocodeine,rash / itching,1,2,50.0
Acetaminophen / chlorpheniramine / phenylephrine,anxiety,1,3,33.3
Acetaminophen / chlorpheniramine / phenylephrine,headache,1,3,33.3
Acetaminophen / codeine,headache,3,39,7.7
Acetaminophen / codeine,drowsiness,2,39,5.1
Acetaminophen / codeine,insomnia,2,39,5.1
Acetaminophen / codeine,bleeding,1,39,2.6
Acetaminophen / codeine,fatigue,1,39,2.6
Acetaminophen / dexbrompheniramine / pseudoephedrine,headache,1,1,100.0
Acetaminophen / dichloralphenazone / isometheptene mucate,nausea,1,2,50.0
Acetaminophen / diphenhydramine,anxiety,1,5,20.0
Acetaminophen / diphenhydramine,dizziness,1,5,20.0
Acetaminophen / diphenhydramine,heart palpitations,1,5,20.0
Acetaminophen / diphenhydramine,nausea,1,5,20.0
Acetaminophen / hydrocodone,nausea,8,48,16.7
Acetaminophen / hydrocodone,headache,5,48,10.4
Acetaminophen / hydrocodone,dizziness,4,48,8.3
Acetaminophen / hydrocodone,anxiety,2,48,4.2
Acetaminophen / hydrocodone,drowsiness,2,48,4.2
Acetaminophen / hydrocodone,constipation,1,48,2.1
Acetaminophen / hydrocodone,fatigue,1,48,2.1
Acetaminophen / hydrocodone,heart palpitations,1,48,2.1
Acetaminophen / hydrocodone,insomnia,1,48,2.1
Acetaminophen / hydrocodone,vomiting,1,48,2.1
Acetaminophen / oxycodone,nausea,5,26,19.2
Acetaminophen / oxycodone,vomiting,2,26,7.7
Acetaminophen / oxycodone,dry mouth,1,26,3.8
Acetaminophen / oxycodone,fatigue,1,26,3.8
Acetaminophen / oxycodone,headache,1,26,3.8
Acetaminophen / oxycodone,insomnia,1,26,3.8
Acetaminophen / propoxyphene,drowsiness,2,12,16.7
Acetaminophen / propoxyphene,headache,2,12,16.7
Acetaminophen / propoxyphene,cramps,1,12,8.3
Acetaminophen / propoxyphene,depression,1,12,8.3
Acetaminophen / propoxyphene,dizziness,1,12,8.3
Acetaminophen / propoxyphene,vomiting,1,12,8.3
Acetaminophen / tramadol,nausea,4,7,57.1
Acetaminophen / tramadol,headache,1,7,14.3
Acetazolamide,fatigue,5,16,31.2
Acetazolamide,headache,5,16,31.2
Acetazolamide,joint / muscle pain,3,16,18.8
Acetazolamide,nausea,3,16,18.8
Acetazolamide,dizziness,2,16,12.5
Acetazolamide,rash / itching,2,16,12.5
Acetazolamide,diarrhea,1,16,6.2
Acetazolamide,heart palpitations,1,16,6.2
Acetazolamide,insomnia,1,16,6.2
Acitretin,fatigue,1,2,50.0
Actonel,nausea,2,6,33.3
Actonel,constipation,1,6,16.7
Actonel,fatigue,1,6,16.7
Actos,weight gain,3,8,37.5
Actos,joint / muscle pain,2,8,25.0
Actos,headache,1,8,12.5
Actos,nausea,1,8,12.5
Actos,vomiting,1,8,12.5
Acyclovir,acne,2,11,18.2
Acyclovir,rash / itching,2,11,18.2
Adalimumab,rash / itching,4,45,8.9
Adalimumab,fatigue,3,45,6.7
Adalimumab,headache,3,45,6.7
Adalimumab,nausea,3,45,6.7
Adalimumab,hair loss,2,45,4.4
Adalimumab,insomnia,2,45,4.4
Adalimumab,joint / muscle pain,2,45,4.4
Adalimumab,depression,1,45,2.2
Adalimumab,dizziness,1,45,2.2
Adalimumab,drowsiness,1,45,2.2
Adalimumab,dry mouth,1,45,2.2
Adalimumab,weight gain,1,45,2.2
Adapalene,rash / itching,2,36,5.6
Adapalene,fatigue,1,36,2.8
Adapalene / benzoyl peroxide,rash / itching,5,37,13.5
Adapalene / benzoyl peroxide,depression,1,37,2.7
Adderall,anxiety,2,11,18.2
Adderall,mood swings,2,11,18.2
Adderall,depression,1,11,9.1
Adderall,low libido,1,11,9.1
Adderall,rash / itching,1,11,9.1
Adderall XR,anxiety,3,7,42.9
Adderall XR,depression,2,7,28.6
Adderall XR,fatigue,1,7,14.3
Adderall XR,mood swings,1,7,14.3
Addyi,drowsiness,1,2,50.0
Adenosine,dizziness,1,1,100.0
Adipex-P,headache,2,8,25.0
Adipex-P,mood swings,2,8,25.0
Adipex-P,constipation,1,8,12.5
Adipex-P,dry mouth,1,8,12.5
Advair Diskus,diarrhea,1,11,9.1
Advair Diskus,weight gain,1,11,9.1
Advil Cold and Sinus,headache,1,2,50.0
Afinitor,rash / itching,1,3,33.3
Aftera,cramps,4,18,22.2
Aftera,bleeding,1,18,5.6
Aftera,headache,1,18,5.6
Aggrenox,headache,2,4,50.0
Aggrenox,nausea,2,4,50.0
Aggrenox,diarrhea,1,4,25.0
Aggrenox,vomiting,1,4,25.0
Albiglutide,headache,2,4,50.0
Albiglutide,diarrhea,1,4,25.0
Albiglutide,joint / muscle pain,1,4,25.0
Albiglutide,nausea,1,4,25.0
Albiglutide,weight gain,1,4,25.0
Albuterol,cramps,1,29,3.4
Albuterol,fatigue,1,29,3.4
Aldactone,fatigue,1,2,50.0
Aldactone,joint / muscle pain,1,2,50.0
Aldara,headache,1,2,50.0
Aldomet,dizziness,1,1,100.0
Alendronate,nausea,4,18,22.2
Alendronate,headache,3,18,16.7
Alendronate,joint / muscle pain,2,18,11.1
Alendronate,constipation,1,18,5.6
Alendronate,cramps,1,18,5.6
Alendronate,dry mouth,1,18,5.6
Alendronate,fatigue,1,18,5.6
Alendronate,rash / itching,1,18,5.6
Alendronate,weight gain,1,18,5.6
Alesse,acne,9,29,31.0
Alesse,mood swings,8,29,27.6
Alesse,depression,6,29,20.7
Alesse,fatigue,6,29,20.7
Alesse,nausea,6,29,20.7
Alesse,bleeding,5,29,17.2
Alesse,cramps,4,29,13.8
Alesse,anxiety,3,29,10.3
Alesse,headache,3,29,10.3
Alesse,low libido,3,29,10.3
Alesse,weight gain,3,29,10.3
Alesse,constipation,1,29,3.4
Alesse,dizziness,1,29,3.4
Alesse,heart palpitations,1,29,3.4
Aleve,rash / itching,1,6,16.7
Alfuzosin,fatigue,5,13,38.5
Alfuzosin,headache,4,13,30.8
Alfuzosin,constipation,2,13,15.4
Alfuzosin,low libido,2,13,15.4
Alfuzosin,heart palpitations,1,13,7.7
Alirocumab,fatigue,1,5,20.0
Alirocumab,rash / itching,1,5,20.0
Aliskiren,cramps,1,4,25.0
Aliskiren,headache,1,4,25.0
Aliskiren,heart palpitations,1,4,25.0
Allegra,dizziness,1,7,14.3
Allegra,drowsiness,1,7,14.3
Allegra,headache,1,7,14.3
Allegra,rash / itching,1,7,14.3
Allegra Allergy,rash / itching,1,3,33.3
Allegra-D 24 Hour,depression,1,1,100.0
Allopurinol,rash / itching,1,7,14.3
Alprazolam,anxiety,2,30,6.7
Alprazolam,drowsiness,2,30,6.7
Alprazolam,dizziness,1,30,3.3
Alprazolam,fatigue,1,30,3.3
Alprazolam,headache,1,30,3.3
Alprazolam,nausea,1,30,3.3
Altace,fatigue,1,1,100.0
Altace,nausea,1,1,100.0
Altavera,anxiety,1,1,100.0
Altavera,cramps,1,1,100.0
Altavera,depression,1,1,100.0
Altavera,mood swings,1,1,100.0
Altavera,weight gain,1,1,100.0
Aluminum chloride hexahydrate,rash / itching,3,17,17.6
Aluminum chloride hexahydrate,insomnia,1,17,5.9
Alyacen 1 / 35,anxiety,1,1,100.0
Alyacen 1 / 35,cramps,1,1,100.0
Amantadine,fatigue,4,5,80.0
Amantadine,dry mouth,1,5,20.0
Amantadine,insomnia,1,5,20.0
Ambien,depression,4,37,10.8
Ambien,drowsiness,2,37,5.4
Ambien,fatigue,2,37,5.4
Ambien,acne,1,37,2.7
Ambien,anxiety,1,37,2.7
Ambien,dizziness,1,37,2.7
Ambien,headache,1,37,2.7
Ambien,vomiting,1,37,2.7
Ambien CR,anxiety,1,6,16.7
Ambien CR,depression,1,6,16.7
Ambien CR,dizziness,1,6,16.7
Ambien CR,headache,1,6,16.7
Amethia,bleeding,1,2,50.0
Amethia,cramps,1,2,50.0
Amethia,diarrhea,1,2,50.0
Amethia,nausea,1,2,50.0
Amethia,vomiting,1,2,50.0
Amethia Lo,acne,1,2,50.0
Amethia Lo,bleeding,1,2,50.0
Amethia Lo,rash / itching,1,2,50.0
Amethyst,bleeding,1,1,100.0
Amethyst,mood swings,1,1,100.0
Amikin,vomiting,1,1,100.0
Amiodarone,anxiety,2,14,14.3
Amiodarone,dizziness,2,14,14.3
Amiodarone,insomnia,2,14,14.3
Amiodarone,fatigue,1,14,7.1
Amiodarone,nausea,1,14,7.1
Amiodarone,rash / itching,1,14,7.1
Amitiza,nausea,10,31,32.3
Amitiza,cramps,6,31,19.4
Amitiza,fatigue,3,31,9.7
Amitiza,headache,3,31,9.7
Amitiza,anxiety,2,31,6.5
Amitiza,depression,2,31,6.5
Amitiza,mood swings,2,31,6.5
Amitiza,acne,1,31,3.2
Amitiza,dizziness,1,31,3.2
Amitiza,vomiting,1,31,3.2
Amitriptyline,anxiety,12,130,9.2
Amitriptyline,fatigue,12,130,9.2
Amitriptyline,dry mouth,11,130,8.5
Amitriptyline,insomnia,11,130,8.5
Amitriptyline,depression,8,130,6.2
Amitriptyline,dizziness,8,130,6.2
Amitriptyline,headache,8,130,6.2
Amitriptyline,drowsiness,7,130,5.4
Amitriptyline,weight gain,7,130,5.4
Amitriptyline,constipation,4,130,3.1
Amitriptyline,mood swings,4,130,3.1
Amitriptyline,heart palpitations,3,130,2.3
Amitriptyline,nausea,3,130,2.3
Amitriptyline,cramps,2,130,1.5
Amitriptyline,vomiting,2,130,1.5
Amitriptyline,bleeding,1,130,0.8
Amitriptyline,hair loss,1,130,0.8
Amitriptyline,joint / muscle pain,1,130,0.8
Amitriptyline,low libido,1,130,0.8
Amitriptyline,rash / itching,1,130,0.8
Amlodipine,fatigue,26,106,24.5
Amlodipine,headache,20,106,18.9
Amlodipine,anxiety,17,106,16.0
Amlodipine,dizziness,15,106,14.2
Amlodipine,insomnia,9,106,8.5
Amlodipine,nausea,8,106,7.5
Amlodipine,cramps,7,106,6.6
Amlodipine,heart palpitations,6,106,5.7
Amlodipine,weight gain,6,106,5.7
Amlodipine,rash / itching,4,106,3.8
Amlodipine,joint / muscle pain,3,106,2.8
Amlodipine,depression,2,106,1.9
Amlodipine,diarrhea,2,106,1.9
Amlodipine,dry mouth,2,106,1.9
Amlodipine,mood swings,2,106,1.9
Amlodipine,bleeding,1,106,0.9
Amlodipine,constipation,1,106,0.9
Amlodipine,drowsiness,1,106,0.9
Amlodipine,low libido,1,106,0.9
Amlodipine,vomiting,1,106,0.9
Amlodipine / benazepril,anxiety,1,7,14.3
Amlodipine / benazepril,constipation,1,7,14.3
Amlodipine / benazepril,cramps,1,7,14.3
Amlodipine / benazepril,depression,1,7,14.3
Amlodipine / benazepril,dizziness,1,7,14.3
Amlodipine / benazepril,fatigue,1,7,14.3
Amlodipine / benazepril,heart palpitations,1,7,14.3
Amlodipine / olmesartan,constipation,1,2,50.0
Amlodipine / olmesartan,headache,1,2,50.0
Amlodipine / valsartan,fatigue,1,8,12.5
Amlodipine / valsartan,hair loss,1,8,12.5
Amlodipine / valsartan,headache,1,8,12.5
Amlodipine / valsartan,heart palpitations,1,8,12.5
Amnesteem,mood swings,1,1,100.0
Amoxicillin,diarrhea,8,35,22.9
Amoxicillin,fatigue,7,35,20.0
Amoxicillin,cramps,5,35,14.3
Amoxicillin,headache,5,35,14.3
Amoxicillin,vomiting,5,35,14.3
Amoxicillin,anxiety,4,35,11.4
Amoxicillin,insomnia,3,35,8.6
Amoxicillin,nausea,3,35,8.6
Amoxicillin,rash / itching,3,35,8.6
Amoxicillin,constipation,2,35,5.7
Amoxicillin,depression,1,35,2.9
Amoxicillin,dizziness,1,35,2.9
Amoxicillin,drowsiness,1,35,2.9
Amoxicillin,joint / muscle pain,1,35,2.9
Amoxicillin,mood swings,1,35,2.9
Amoxicillin / clarithromycin / lansoprazole,rash / itching,2,6,33.3
Amoxicillin / clarithromycin / lansoprazole,diarrhea,1,6,16.7
Amoxicillin / clarithromycin / lansoprazole,fatigue,1,6,16.7
Amoxicillin / clarithromycin / lansoprazole,insomnia,1,6,16.7
Amoxicillin / clarithromycin / lansoprazole,nausea,1,6,16.7
Amoxicillin / clarithromycin / lansoprazole,vomiting,1,6,16.7
Amoxicillin / clavulanate,diarrhea,38,134,28.4
Amoxicillin / clavulanate,nausea,31,134,23.1
Amoxicillin / clavulanate,vomiting,30,134,22.4
Amoxicillin / clavulanate,headache,26,134,19.4
Amoxicillin / clavulanate,fatigue,14,134,10.4
Amoxicillin / clavulanate,cramps,13,134,9.7
Amoxicillin / clavulanate,anxiety,7,134,5.2
Amoxicillin / clavulanate,dizziness,7,134,5.2
Amoxicillin / clavulanate,insomnia,6,134,4.5
Amoxicillin / clavulanate,rash / itching,6,134,4.5
Amoxicillin / clavulanate,dry mouth,3,134,2.2
Amoxicillin / clavulanate,acne,2,134,1.5
Amoxicillin / clavulanate,drowsiness,2,134,1.5
Amoxicillin / clavulanate,bleeding,1,134,0.7
Amoxicillin / clavulanate,constipation,1,134,0.7
Amoxicillin / clavulanate,depression,1,134,0.7
Amoxicillin / clavulanate,heart palpitations,1,134,0.7
Amoxicillin / clavulanate,joint / muscle pain,1,134,0.7
Amoxicillin / clavulanate,mood swings,1,134,0.7
Amphetamine,fatigue,2,10,20.0
Amphetamine,headache,2,10,20.0
Amphetamine,mood swings,1,10,10.0
Amphetamine,nausea,1,10,10.0
Amphetamine / dextroamphetamine,fatigue,6,36,16.7
Amphetamine / dextroamphetamine,headache,6,36,16.7
Amphetamine / dextroamphetamine,mood swings,3,36,8.3
Amphetamine / dextroamphetamine,anxiety,2,36,5.6
Amphetamine / dextroamphetamine,depression,2,36,5.6
Amphetamine / dextroamphetamine,dry mouth,2,36,5.6
Amphetamine / dextroamphetamine,diarrhea,1,36,2.8
Amphetamine / dextroamphetamine,dizziness,1,36,2.8
Amphetamine / dextroamphetamine,insomnia,1,36,2.8
Amphetamine / dextroamphetamine,joint / muscle pain,1,36,2.8
Amphetamine / dextroamphetamine,nausea,1,36,2.8
Ampyra,dizziness,1,3,33.3
Amrix,drowsiness,1,6,16.7
Amrix,mood swings,1,6,16.7
Anafranil,depression,1,4,25.0
Anafranil,dry mouth,1,4,25.0
Anafranil,fatigue,1,4,25.0
Anafranil,headache,1,4,25.0
Anafranil,nausea,1,4,25.0
Anafranil,vomiting,1,4,25.0
Anastrozole,joint / muscle pain,14,34,41.2
Anastrozole,depression,6,34,17.6
Anastrozole,weight gain,6,34,17.6
Anastrozole,insomnia,5,34,14.7
Anastrozole,fatigue,4,34,11.8
Anastrozole,headache,4,34,11.8
Anastrozole,anxiety,2,34,5.9
Anastrozole,dizziness,2,34,5.9
Anastrozole,hair loss,2,34,5.9
Anastrozole,nausea,2,34,5.9
Anastrozole,diarrhea,1,34,2.9
Anastrozole,dry mouth,1,34,2.9
Anastrozole,low libido,1,34,2.9
Anastrozole,mood swings,1,34,2.9
AndroGel,low libido,3,7,42.9
Androderm,rash / itching,3,3,100.0
Androderm,low libido,1,3,33.3
Angeliq,bleeding,2,3,66.7
Angeliq,cramps,2,3,66.7
Angeliq,low libido,1,3,33.3
Angeliq,mood swings,1,3,33.3
Angeliq,nausea,1,3,33.3
Antivert,dizziness,1,3,33.3
Anusol-HC Suppositories,rash / itching,1,1,100.0
Apixaban,dizziness,3,10,30.0
Apixaban,bleeding,2,10,20.0
Apixaban,rash / itching,2,10,20.0
Apixaban,cramps,1,10,10.0
Apixaban,fatigue,1,10,10.0
Apixaban,headache,1,10,10.0
Apixaban,heart palpitations,1,10,10.0
Apixaban,nausea,1,10,10.0
Apremilast,headache,16,43,37.2
Apremilast,nausea,8,43,18.6
Apremilast,depression,7,43,16.3
Apremilast,diarrhea,7,43,16.3
Apremilast,fatigue,6,43,14.0
Apremilast,mood swings,3,43,7.0
Apremilast,vomiting,3,43,7.0
Apremilast,anxiety,2,43,4.7
Apremilast,cramps,1,43,2.3
Apremilast,dizziness,1,43,2.3
Apremilast,heart palpitations,1,43,2.3
Apremilast,insomnia,1,43,2.3
Apremilast,joint / muscle pain,1,43,2.3
Apremilast,rash / itching,1,43,2.3
Apremilast,weight gain,1,43,2.3
Apri,low libido,20,59,33.9
Apri,acne,18,59,30.5
Apri,cramps,13,59,22.0
Apri,mood swings,12,59,20.3
Apri,weight gain,12,59,20.3
Apri,bleeding,9,59,15.3
Apri,depression,6,59,10.2
Apri,headache,6,59,10.2
Apri,fatigue,5,59,8.5
Apri,nausea,5,59,8.5
Apri,anxiety,1,59,1.7
Apri,vomiting,1,59,1.7
Apriso,bleeding,1,4,25.0
Apriso,cramps,1,4,25.0
Apriso,dry mouth,1,4,25.0
Aptiom,dizziness,1,1,100.0
Aptiom,fatigue,1,1,100.0
Aricept,constipation,1,4,25.0
Aricept,dizziness,1,4,25.0
Aricept,fatigue,1,4,25.0
Arimidex,joint / muscle pain,3,10,30.0
Arimidex,headache,2,10,20.0
Arimidex,insomnia,2,10,20.0
Arimidex,nausea,2,10,20.0
Arimidex,depression,1,10,10.0
Arimidex,diarrhea,1,10,10.0
Arimidex,dizziness,1,10,10.0
Arimidex,fatigue,1,10,10.0
Arimidex,low libido,1,10,10.0
Arimidex,mood swings,1,10,10.0
Arimidex,rash / itching,1,10,10.0
Arimidex,vomiting,1,10,10.0
Aripiprazole,weight gain,17,101,16.8
Aripiprazole,insomnia,10,101,9.9
Aripiprazole,fatigue,7,101,6.9
Aripiprazole,dizziness,5,101,5.0
Aripiprazole,nausea,5,101,5.0
Aripiprazole,headache,4,101,4.0
Aripiprazole,anxiety,3,101,3.0
Aripiprazole,mood swings,3,101,3.0
Aripiprazole,depression,2,101,2.0
Aripiprazole,drowsiness,2,101,2.0
Aripiprazole,rash / itching,2,101,2.0
Aripiprazole,vomiting,2,101,2.0
Aripiprazole,constipation,1,101,1.0
Aripiprazole,dry mouth,1,101,1.0
Armodafinil,headache,8,26,30.8
Armodafinil,anxiety,3,26,11.5
Armodafinil,fatigue,3,26,11.5
Armodafinil,nausea,3,26,11.5
Armodafinil,diarrhea,2,26,7.7
Armodafinil,dizziness,2,26,7.7
Armodafinil,depression,1,26,3.8
Armodafinil,drowsiness,1,26,3.8
Armodafinil,heart palpitations,1,26,3.8
Armodafinil,joint / muscle pain,1,26,3.8
Armodafinil,mood swings,1,26,3.8
Armour Thyroid,fatigue,6,16,37.5
Armour Thyroid,headache,4,16,25.0
Armour Thyroid,insomnia,4,16,25.0
Armour Thyroid,weight gain,4,16,25.0
Armour Thyroid,rash / itching,3,16,18.8
Armour Thyroid,depression,2,16,12.5
Armour Thyroid,acne,1,16,6.2
Armour Thyroid,constipation,1,16,6.2
Armour Thyroid,diarrhea,1,16,6.2
Armour Thyroid,dizziness,1,16,6.2
Armour Thyroid,drowsiness,1,16,6.2
Armour Thyroid,hair loss,1,16,6.2
Armour Thyroid,heart palpitations,1,16,6.2
Armour Thyroid,joint / muscle pain,1,16,6.2
Armour Thyroid,low libido,1,16,6.2
Armour Thyroid,mood swings,1,16,6.2
Armour Thyroid,nausea,1,16,6.2
Aromasin,joint / muscle pain,2,4,50.0
Aromasin,dizziness,1,4,25.0
Aromasin,fatigue,1,4,25.0
Aromasin,insomnia,1,4,25.0
Aromasin,nausea,1,4,25.0
Artane,depression,1,3,33.3
Artane,weight gain,1,3,33.3
Asacol,acne,1,4,25.0
Asacol,diarrhea,1,4,25.0
Ascorbic acid,diarrhea,1,1,100.0
Asenapine,insomnia,5,20,25.0
Asenapine,headache,2,20,10.0
Asenapine,fatigue,1,20,5.0
Asenapine,weight gain,1,20,5.0
Ashlyna,bleeding,5,7,71.4
Ashlyna,anxiety,2,7,28.6
Ashlyna,cramps,1,7,14.3
Ashlyna,depression,1,7,14.3
Ashlyna,nausea,1,7,14.3
Ashlyna,vomiting,1,7,14.3
Ashlyna,weight gain,1,7,14.3
Asmanex Twisthaler,fatigue,1,1,100.0
Aspirin / caffeine / orphenadrine,headache,1,1,100.0
Aspirin / dipyridamole,headache,1,1,100.0
Aspirin / dipyridamole,nausea,1,1,100.0
Aspirin / oxycodone,constipation,1,2,50.0
Atarax,dizziness,2,10,20.0
Atarax,drowsiness,2,10,20.0
Atarax,fatigue,1,10,10.0
Atarax,insomnia,1,10,10.0
Atarax,nausea,1,10,10.0
Atarax,rash / itching,1,10,10.0
Atenolol,dizziness,8,29,27.6
Atenolol,depression,3,29,10.3
Atenolol,fatigue,3,29,10.3
Atenolol,anxiety,2,29,6.9
Atenolol,hair loss,2,29,6.9
Atenolol,nausea,2,29,6.9
Atenolol,headache,1,29,3.4
Atenolol,heart palpitations,1,29,3.4
Atenolol,joint / muscle pain,1,29,3.4
Atenolol,low libido,1,29,3.4
Atenolol,rash / itching,1,29,3.4
Atenolol,vomiting,1,29,3.4
Atenolol,weight gain,1,29,3.4
Ativan,insomnia,2,20,10.0
Ativan,anxiety,1,20,5.0
Ativan,fatigue,1,20,5.0
Ativan,headache,1,20,5.0
Ativan,nausea,1,20,5.0
Atomoxetine,anxiety,16,69,23.2
Atomoxetine,depression,16,69,23.2
Atomoxetine,fatigue,11,69,15.9
Atomoxetine,nausea,8,69,11.6
Atomoxetine,headache,7,69,10.1
Atomoxetine,insomnia,7,69,10.1
Atomoxetine,mood swings,7,69,10.1
Atomoxetine,constipation,4,69,5.8
Atomoxetine,dizziness,4,69,5.8
Atomoxetine,drowsiness,3,69,4.3
Atomoxetine,dry mouth,2,69,2.9
Atomoxetine,vomiting,2,69,2.9
Atomoxetine,cramps,1,69,1.4
Atomoxetine,diarrhea,1,69,1.4
Atomoxetine,heart palpitations,1,69,1.4
Atomoxetine,joint / muscle pain,1,69,1.4
Atomoxetine,rash / itching,1,69,1.4
Atorvastatin,joint / muscle pain,13,47,27.7
Atorvastatin,cramps,7,47,14.9
Atorvastatin,dizziness,7,47,14.9
Atorvastatin,rash / itching,7,47,14.9
Atorvastatin,fatigue,6,47,12.8
Atorvastatin,headache,6,47,12.8
Atorvastatin,diarrhea,3,47,6.4
Atorvastatin,insomnia,3,47,6.4
Atorvastatin,nausea,3,47,6.4
Atorvastatin,depression,2,47,4.3
Atorvastatin,mood swings,2,47,4.3
Atorvastatin,constipation,1,47,2.1
Atorvastatin,dry mouth,1,47,2.1
Atorvastatin,vomiting,1,47,2.1
Atovaquone / proguanil,dizziness,2,4,50.0
Atovaquone / proguanil,nausea,2,4,50.0
Atovaquone / proguanil,depression,1,4,25.0
Atovaquone / proguanil,fatigue,1,4,25.0
Atovaquone / proguanil,rash / itching,1,4,25.0
Atripla,depression,1,2,50.0
Atripla,insomnia,1,2,50.0
Atropine,bleeding,1,1,100.0
Atropine,rash / itching,1,1,100.0
Atropine / diphenoxylate,drowsiness,2,4,50.0
Atropine / diphenoxylate,anxiety,1,4,25.0
Atropine / diphenoxylate,dry mouth,1,4,25.0
Atropine / diphenoxylate,nausea,1,4,25.0
Aubagio,depression,1,3,33.3
Aubagio,nausea,1,3,33.3
Aubra,acne,9,20,45.0
Aubra,cramps,8,20,40.0
Aubra,depression,8,20,40.0
Aubra,bleeding,6,20,30.0
Aubra,anxiety,5,20,25.0
Aubra,low libido,5,20,25.0
Aubra,headache,4,20,20.0
Aubra,weight gain,4,20,20.0
Aubra,mood swings,3,20,15.0
Aubra,nausea,3,20,15.0
Aubra,dizziness,2,20,10.0
Aubra,hair loss,1,20,5.0
Aubra,vomiting,1,20,5.0
Augmentin,diarrhea,15,43,34.9
Augmentin,nausea,15,43,34.9
Augmentin,headache,9,43,20.9
Augmentin,vomiting,5,43,11.6
Augmentin,cramps,4,43,9.3
Augmentin,rash / itching,3,43,7.0
Augmentin,dizziness,2,43,4.7
Augmentin,fatigue,2,43,4.7
Augmentin,anxiety,1,43,2.3
Augmentin,depression,1,43,2.3
Augmentin,heart palpitations,1,43,2.3
Augmentin,insomnia,1,43,2.3
Augmentin,mood swings,1,43,2.3
Auryxia,nausea,1,1,100.0
Avanafil,headache,1,7,14.3
Avandia,cramps,1,3,33.3
Avapro,dizziness,1,4,25.0
Avapro,joint / muscle pain,1,4,25.0
Aveeno,rash / itching,1,1,100.0
Avelox,rash / itching,7,19,36.8
Avelox,nausea,6,19,31.6
Avelox,dizziness,4,19,21.1
Avelox,anxiety,3,19,15.8
Avelox,heart palpitations,3,19,15.8
Avelox,fatigue,2,19,10.5
Avelox,headache,2,19,10.5
Avelox,constipation,1,19,5.3
Avelox,cramps,1,19,5.3
Avelox,dry mouth,1,19,5.3
Avelox,insomnia,1,19,5.3
Avelox,joint / muscle pain,1,19,5.3
Avelox,vomiting,1,19,5.3
Aviane,acne,14,44,31.8
Aviane,mood swings,14,44,31.8
Aviane,bleeding,11,44,25.0
Aviane,headache,11,44,25.0
Aviane,nausea,10,44,22.7
Aviane,cramps,9,44,20.5
Aviane,depression,9,44,20.5
Aviane,low libido,7,44,15.9
Aviane,weight gain,7,44,15.9
Aviane,anxiety,5,44,11.4
Aviane,fatigue,4,44,9.1
Aviane,vomiting,2,44,4.5
Aviane,dizziness,1,44,2.3
Aviane,hair loss,1,44,2.3
Aviane,heart palpitations,1,44,2.3
Aviane,rash / itching,1,44,2.3
Avodart,low libido,1,2,50.0
Avonex,joint / muscle pain,2,4,50.0
Avonex,depression,1,4,25.0
Avonex,dizziness,1,4,25.0
Avonex,headache,1,4,25.0
Axert,fatigue,1,1,100.0
Axiron,low libido,3,11,27.3
Axiron,fatigue,2,11,18.2
Aygestin,cramps,1,1,100.0
Azasan,nausea,1,1,100.0
Azasan,vomiting,1,1,100.0
Azathioprine,headache,3,13,23.1
Azathioprine,nausea,2,13,15.4
Azathioprine,vomiting,2,13,15.4
Azathioprine,acne,1,13,7.7
Azathioprine,dizziness,1,13,7.7
Azathioprine,hair loss,1,13,7.7
Azathioprine,insomnia,1,13,7.7
Azathioprine,joint / muscle pain,1,13,7.7
Azelaic acid,acne,3,6,50.0
Azelaic acid,rash / itching,1,6,16.7
Azelastine,headache,4,11,36.4
Azelastine,dizziness,1,11,9.1
Azelastine,drowsiness,1,11,9.1
Azelastine,fatigue,1,11,9.1
Azelastine,insomnia,1,11,9.1
Azelastine,joint / muscle pain,1,11,9.1
Azelastine / fluticasone,drowsiness,4,13,30.8
Azelastine / fluticasone,nausea,3,13,23.1
Azelastine / fluticasone,headache,2,13,15.4
Azelastine / fluticasone,anxiety,1,13,7.7
Azelastine / fluticasone,depression,1,13,7.7
Azelastine / fluticasone,dizziness,1,13,7.7
Azelastine / fluticasone,fatigue,1,13,7.7
Azelastine / fluticasone,vomiting,1,13,7.7
Azilsartan medoxomil,joint / muscle pain,2,4,50.0
Azilsartan medoxomil,weight gain,2,4,50.0
Azilsartan medoxomil,fatigue,1,4,25.0
Azilsartan medoxomil,insomnia,1,4,25.0
Azilsartan medoxomil / chlorthalidone,headache,1,1,100.0
Azithromycin,diarrhea,33,125,26.4
Azithromycin,nausea,19,125,15.2
Azithromycin,cramps,18,125,14.4
Azithromycin,headache,15,125,12.0
Azithromycin,vomiting,12,125,9.6
Azithromycin,fatigue,8,125,6.4
Azithromycin,rash / itching,8,125,6.4
Azithromycin,dizziness,7,125,5.6
Azithromycin,anxiety,2,125,1.6
Azithromycin,insomnia,2,125,1.6
Azithromycin,constipation,1,125,0.8
Azithromycin,drowsiness,1,125,0.8
Azithromycin,dry mouth,1,125,0.8
Azithromycin,heart palpitations,1,125,0.8
Azithromycin,joint / muscle pain,1,125,0.8
Azor,dizziness,1,2,50.0
Azor,drowsiness,1,2,50.0
Azor,hair loss,1,2,50.0
Azor,joint / muscle pain,1,2,50.0
Azor,rash / itching,1,2,50.0
Azulfidine,headache,1,1,100.0
Azulfidine,nausea,1,1,100.0
Azulfidine,vomiting,1,1,100.0
Azurette,cramps,1,2,50.0
Azurette,headache,1,2,50.0
Azurette,mood swings,1,2,50.0
Azurette,vomiting,1,2,50.0
Azurette,weight gain,1,2,50.0
Bacitracin / neomycin / polymyxin b,rash / itching,1,1,100.0
Baclofen,drowsiness,7,40,17.5
Baclofen,nausea,4,40,10.0
Baclofen,depression,3,40,7.5
Baclofen,dizziness,3,40,7.5
Baclofen,anxiety,2,40,5.0
Baclofen,dry mouth,2,40,5.0
Baclofen,headache,2,40,5.0
Baclofen,mood swings,2,40,5.0
Baclofen,insomnia,1,40,2.5
Baclofen,rash / itching,1,40,2.5
Baclofen,vomiting,1,40,2.5
Baclofen,weight gain,1,40,2.5
Bactrim,nausea,16,53,30.2
Bactrim,rash / itching,13,53,24.5
Bactrim,headache,10,53,18.9
Bactrim,dizziness,7,53,13.2
Bactrim,fatigue,5,53,9.4
Bactrim,vomiting,5,53,9.4
Bactrim,insomnia,4,53,7.5
Bactrim,diarrhea,3,53,5.7
Bactrim,anxiety,2,53,3.8
Bactrim,constipation,2,53,3.8
Bactrim,depression,1,53,1.9
Bactrim,joint / muscle pain,1,53,1.9
Bactrim DS,nausea,13,29,44.8
Bactrim DS,dizziness,7,29,24.1
Bactrim DS,headache,7,29,24.1
Bactrim DS,fatigue,4,29,13.8
Bactrim DS,anxiety,3,29,10.3
Bactrim DS,cramps,3,29,10.3
Bactrim DS,joint / muscle pain,3,29,10.3
Bactrim DS,rash / itching,3,29,10.3
Bactrim DS,insomnia,2,29,6.9
Bactrim DS,constipation,1,29,3.4
Balsalazide,diarrhea,1,4,25.0
Balsalazide,rash / itching,1,4,25.0
Balziva,acne,1,1,100.0
Balziva,bleeding,1,1,100.0
Balziva,depression,1,1,100.0
Balziva,mood swings,1,1,100.0
Balziva,weight gain,1,1,100.0
Barium sulfate,diarrhea,3,5,60.0
Barium sulfate,nausea,1,5,20.0
Barium sulfate,rash / itching,1,5,20.0
Beclomethasone,heart palpitations,1,6,16.7
Beclomethasone,insomnia,1,6,16.7
Belbuca,headache,4,16,25.0
Belbuca,diarrhea,2,16,12.5
Belbuca,dry mouth,1,16,6.2
Belbuca,fatigue,1,16,6.2
Belbuca,insomnia,1,16,6.2
Belbuca,nausea,1,16,6.2
Belladonna,mood swings,1,1,100.0
Belsomra,drowsiness,8,91,8.8
Belsomra,headache,8,91,8.8
Belsomra,fatigue,6,91,6.6
Belsomra,anxiety,5,91,5.5
Belsomra,dizziness,5,91,5.5
Belsomra,depression,3,91,3.3
Belsomra,nausea,2,91,2.2
Belsomra,diarrhea,1,91,1.1
Belsomra,dry mouth,1,91,1.1
Belsomra,mood swings,1,91,1.1
Belviq,headache,15,64,23.4
Belviq,fatigue,14,64,21.9
Belviq,dizziness,11,64,17.2
Belviq,nausea,8,64,12.5
Belviq,anxiety,5,64,7.8
Belviq,depression,4,64,6.2
Belviq,heart palpitations,4,64,6.2
Belviq,vomiting,3,64,4.7
Belviq,drowsiness,2,64,3.1
Belviq,dry mouth,2,64,3.1
Belviq,insomnia,2,64,3.1
Belviq,joint / muscle pain,2,64,3.1
Belviq,bleeding,1,64,1.6
Belviq,constipation,1,64,1.6
Belviq,cramps,1,64,1.6
Belviq,mood swings,1,64,1.6
Benadryl,headache,2,4,50.0
Benadryl,cramps,1,4,25.0
Benadryl,dizziness,1,4,25.0
Benicar,dizziness,2,6,33.3
Benicar,fatigue,2,6,33.3
Benicar,constipation,1,6,16.7
Benicar,depression,1,6,16.7
Benicar,headache,1,6,16.7
Benicar,joint / muscle pain,1,6,16.7
Benicar,rash / itching,1,6,16.7
Benicar,weight gain,1,6,16.7
Benicar HCT,cramps,1,5,20.0
Benicar HCT,diarrhea,1,5,20.0
Benicar HCT,weight gain,1,5,20.0
Bentyl,headache,2,5,40.0
Bentyl,anxiety,1,5,20.0
Bentyl,cramps,1,5,20.0
Bentyl,dizziness,1,5,20.0
Bentyl,fatigue,1,5,20.0
Benzonatate,headache,9,131,6.9
Benzonatate,fatigue,7,131,5.3
Benzonatate,dizziness,5,131,3.8
Benzonatate,insomnia,5,131,3.8
Benzonatate,drowsiness,4,131,3.1
Benzonatate,vomiting,4,131,3.1
Benzonatate,depression,2,131,1.5
Benzonatate,rash / itching,2,131,1.5
Benzonatate,constipation,1,131,0.8
Benzonatate,joint / muscle pain,1,131,0.8
Benzoyl peroxide / clindamycin,rash / itching,7,31,22.6
Bepotastine,rash / itching,1,4,25.0
Bepreve,rash / itching,1,1,100.0
Beyaz,acne,4,15,26.7
Beyaz,bleeding,4,15,26.7
Beyaz,cramps,4,15,26.7
Beyaz,depression,3,15,20.0
Beyaz,fatigue,3,15,20.0
Beyaz,mood swings,3,15,20.0
Beyaz,nausea,3,15,20.0
Beyaz,weight gain,3,15,20.0
Beyaz,anxiety,1,15,6.7
Beyaz,headache,1,15,6.7
Beyaz,low libido,1,15,6.7
Biaxin,headache,3,13,23.1
Biaxin,nausea,3,13,23.1
Biaxin,vomiting,3,13,23.1
Biaxin,diarrhea,2,13,15.4
Biaxin,rash / itching,2,13,15.4
Biaxin,cramps,1,13,7.7
Biaxin,depression,1,13,7.7
Biaxin,dizziness,1,13,7.7
Biaxin,drowsiness,1,13,7.7
Biaxin,insomnia,1,13,7.7
Biotene Mouthwash,dry mouth,1,1,100.0
Biotin,acne,3,3,100.0
Bisacodyl,cramps,95,151,62.9
Bisacodyl,nausea,46,151,30.5
Bisacodyl,diarrhea,30,151,19.9
Bisacodyl,vomiting,29,151,19.2
Bisacodyl,dizziness,7,151,4.6
Bisacodyl,fatigue,3,151,2.0
Bisacodyl,anxiety,1,151,0.7
Bisacodyl,bleeding,1,151,0.7
Bisacodyl,heart palpitations,1,151,0.7
Bisacodyl,joint / muscle pain,1,151,0.7
Bisacodyl,mood swings,1,151,0.7
Bisacodyl,rash / itching,1,151,0.7
Bisacodyl / polyethylene glycol 3350 / potassium chloride / sodium bicarbonate / sodium chloride,vomiting,1,2,50.0
Bismuth subcitrate potassium / metronidazole / tetracycline,nausea,6,18,33.3
Bismuth subcitrate potassium / metronidazole / tetracycline,fatigue,5,18,27.8
Bismuth subcitrate potassium / metronidazole / tetracycline,headache,5,18,27.8
Bismuth subcitrate potassium / metronidazole / tetracycline,vomiting,5,18,27.8
Bismuth subcitrate potassium / metronidazole / tetracycline,diarrhea,4,18,22.2
Bismuth subcitrate potassium / metronidazole / tetracycline,dizziness,3,18,16.7
Bismuth subcitrate potassium / metronidazole / tetracycline,heart palpitations,2,18,11.1
Bismuth subcitrate potassium / metronidazole / tetracycline,mood swings,2,18,11.1
Bismuth subcitrate potassium / metronidazole / tetracycline,acne,1,18,5.6
Bismuth subcitrate potassium / metronidazole / tetracycline,anxiety,1,18,5.6
Bismuth subcitrate potassium / metronidazole / tetracycline,constipation,1,18,5.6
Bismuth subcitrate potassium / metronidazole / tetracycline,cramps,1,18,5.6
Bismuth subcitrate potassium / metronidazole / tetracycline,depression,1,18,5.6
Bismuth subcitrate potassium / metronidazole / tetracycline,drowsiness,1,18,5.6
Bismuth subcitrate potassium / metronidazole / tetracycline,insomnia,1,18,5.6
Bismuth subcitrate potassium / metronidazole / tetracycline,rash / itching,1,18,5.6
Bismuth subcitrate potassium / metronidazole / tetracycline,weight gain,1,18,5.6
Bisoprolol,fatigue,2,3,66.7
Bisoprolol / hydrochlorothiazide,fatigue,2,6,33.3
Bisoprolol / hydrochlorothiazide,dizziness,1,6,16.7
Bisoprolol / hydrochlorothiazide,headache,1,6,16.7
Bisoprolol / hydrochlorothiazide,nausea,1,6,16.7
Blisovi 24 Fe,weight gain,12,43,27.9
Blisovi 24 Fe,cramps,9,43,20.9
Blisovi 24 Fe,acne,8,43,18.6
Blisovi 24 Fe,bleeding,8,43,18.6
Blisovi 24 Fe,depression,8,43,18.6
Blisovi 24 Fe,mood swings,8,43,18.6
Blisovi 24 Fe,anxiety,6,43,14.0
Blisovi 24 Fe,nausea,6,43,14.0
Blisovi 24 Fe,fatigue,3,43,7.0
Blisovi 24 Fe,headache,3,43,7.0
Blisovi 24 Fe,rash / itching,2,43,4.7
Blisovi 24 Fe,dizziness,1,43,2.3
Blisovi 24 Fe,hair loss,1,43,2.3
Blisovi 24 Fe,insomnia,1,43,2.3
Blisovi 24 Fe,low libido,1,43,2.3
Blisovi 24 Fe,vomiting,1,43,2.3
Blisovi Fe 1 / 20,mood swings,7,26,26.9
Blisovi Fe 1 / 20,acne,6,26,23.1
Blisovi Fe 1 / 20,bleeding,6,26,23.1
Blisovi Fe 1 / 20,cramps,6,26,23.1
Blisovi Fe 1 / 20,headache,6,26,23.1
Blisovi Fe 1 / 20,weight gain,6,26,23.1
Blisovi Fe 1 / 20,anxiety,4,26,15.4
Blisovi Fe 1 / 20,depression,4,26,15.4
Blisovi Fe 1 / 20,rash / itching,4,26,15.4
Blisovi Fe 1 / 20,nausea,3,26,11.5
Blisovi Fe 1 / 20,dizziness,2,26,7.7
Blisovi Fe 1 / 20,fatigue,2,26,7.7
Blisovi Fe 1 / 20,low libido,2,26,7.7
Blisovi Fe 1 / 20,insomnia,1,26,3.8
Blisovi Fe 1.5 / 30,cramps,1,1,100.0
Blisovi Fe 1.5 / 30,low libido,1,1,100.0
Boniva,fatigue,1,6,16.7
Boniva,headache,1,6,16.7
Boniva,joint / muscle pain,1,6,16.7
Bontril PDM,constipation,1,1,100.0
Bontril PDM,fatigue,1,1,100.0
Bontril PDM,headache,1,1,100.0
Bontril PDM,insomnia,1,1,100.0
Botox,anxiety,3,35,8.6
Botox,depression,2,35,5.7
Botox,dizziness,2,35,5.7
Botox,bleeding,1,35,2.9
Botox,constipation,1,35,2.9
Botox,cramps,1,35,2.9
Botox,fatigue,1,35,2.9
Botox,insomnia,1,35,2.9
Botox,joint / muscle pain,1,35,2.9
Botox Cosmetic,acne,1,2,50.0
Botox Cosmetic,headache,1,2,50.0
Botulinum toxin type b,headache,1,1,100.0
Breo Ellipta,headache,3,9,33.3
Breo Ellipta,cramps,1,9,11.1
Breo Ellipta,dizziness,1,9,11.1
Breo Ellipta,fatigue,1,9,11.1
Breo Ellipta,heart palpitations,1,9,11.1
Brexpiprazole,fatigue,4,19,21.1
Brexpiprazole,weight gain,3,19,15.8
Brexpiprazole,dizziness,2,19,10.5
Brexpiprazole,diarrhea,1,19,5.3
Brexpiprazole,nausea,1,19,5.3
Briellyn,cramps,1,1,100.0
Briellyn,mood swings,1,1,100.0
Brilinta,anxiety,1,3,33.3
Brilinta,bleeding,1,3,33.3
Brilinta,joint / muscle pain,1,3,33.3
Brilinta,nausea,1,3,33.3
Brimonidine,acne,6,45,13.3
Brimonidine,rash / itching,6,45,13.3
Brimonidine,insomnia,1,45,2.2
Brisdelle,dizziness,1,3,33.3
Brisdelle,headache,1,3,33.3
Brisdelle,insomnia,1,3,33.3
Brisdelle,joint / muscle pain,1,3,33.3
Briviact,mood swings,1,1,100.0
Bromocriptine,dizziness,2,5,40.0
Bromocriptine,cramps,1,5,20.0
Bromocriptine,drowsiness,1,5,20.0
Bromocriptine,fatigue,1,5,20.0
Brompheniramine / dextromethorphan / phenylephrine,dry mouth,1,3,33.3
Brompheniramine / dextromethorphan / pseudoephedrine,diarrhea,2,5,40.0
Brompheniramine / dextromethorphan / pseudoephedrine,constipation,1,5,20.0
Brompheniramine / dextromethorphan / pseudoephedrine,dizziness,1,5,20.0
Brompheniramine / dextromethorphan / pseudoephedrine,nausea,1,5,20.0
BuSpar,dizziness,18,58,31.0
BuSpar,fatigue,6,58,10.3
BuSpar,headache,5,58,8.6
BuSpar,nausea,3,58,5.2
BuSpar,drowsiness,2,58,3.4
BuSpar,bleeding,1,58,1.7
BuSpar,depression,1,58,1.7
BuSpar,weight gain,1,58,1.7
Budesonide,cramps,2,10,20.0
Budesonide,depression,2,10,20.0
Budesonide,headache,2,10,20.0
Budesonide,anxiety,1,10,10.0
Budesonide,fatigue,1,10,10.0
Budesonide,nausea,1,10,10.0
Budesonide,vomiting,1,10,10.0
Budesonide / formoterol,cramps,2,14,14.3
Budesonide / formoterol,anxiety,1,14,7.1
Bunavail,fatigue,2,7,28.6
Bunavail,depression,1,7,14.3
Bunavail,vomiting,1,7,14.3
Buprenorphine,nausea,10,46,21.7
Buprenorphine,headache,4,46,8.7
Buprenorphine,depression,3,46,6.5
Buprenorphine,dizziness,3,46,6.5
Buprenorphine,rash / itching,3,46,6.5
Buprenorphine,vomiting,3,46,6.5
Buprenorphine,fatigue,2,46,4.3
Buprenorphine,insomnia,2,46,4.3
Buprenorphine,anxiety,1,46,2.2
Buprenorphine,diarrhea,1,46,2.2
Buprenorphine / naloxone,headache,5,37,13.5
Buprenorphine / naloxone,constipation,3,37,8.1
Buprenorphine / naloxone,nausea,3,37,8.1
Buprenorphine / naloxone,anxiety,2,37,5.4
Buprenorphine / naloxone,depression,2,37,5.4
Buprenorphine / naloxone,diarrhea,2,37,5.4
Buprenorphine / naloxone,vomiting,2,37,5.4
Buprenorphine / naloxone,fatigue,1,37,2.7
Buprenorphine / naloxone,joint / muscle pain,1,37,2.7
Bupropion,fatigue,13,168,7.7
Bupropion,dizziness,12,168,7.1
Bupropion,headache,12,168,7.1
Bupropion,insomnia,12,168,7.1
Bupropion,nausea,12,168,7.1
Bupropion,low libido,11,168,6.5
Bupropion,anxiety,10,168,6.0
Bupropion,depression,8,168,4.8
Bupropion,dry mouth,8,168,4.8
Bupropion,weight gain,6,168,3.6
Bupropion,drowsiness,5,168,3.0
Bupropion,joint / muscle pain,4,168,2.4
Bupropion,constipation,3,168,1.8
Bupropion,rash / itching,3,168,1.8
Bupropion,acne,2,168,1.2
Bupropion,diarrhea,2,168,1.2
Bupropion,heart palpitations,2,168,1.2
Bupropion,mood swings,2,168,1.2
Bupropion,vomiting,2,168,1.2
Bupropion,hair loss,1,168,0.6
Bupropion / naltrexone,nausea,42,161,26.1
Bupropion / naltrexone,headache,27,161,16.8
Bupropion / naltrexone,dizziness,25,161,15.5
Bupropion / naltrexone,constipation,16,161,9.9
Bupropion / naltrexone,fatigue,15,161,9.3
Bupropion / naltrexone,vomiting,13,161,8.1
Bupropion / naltrexone,dry mouth,11,161,6.8
Bupropion / naltrexone,anxiety,8,161,5.0
Bupropion / naltrexone,insomnia,8,161,5.0
Bupropion / naltrexone,drowsiness,7,161,4.3
Bupropion / naltrexone,cramps,6,161,3.7
Bupropion / naltrexone,diarrhea,4,161,2.5
Bupropion / naltrexone,depression,3,161,1.9
Bupropion / naltrexone,mood swings,3,161,1.9
Bupropion / naltrexone,joint / muscle pain,2,161,1.2
Bupropion / naltrexone,rash / itching,2,161,1.2
Bupropion / naltrexone,acne,1,161,0.6
Bupropion / naltrexone,hair loss,1,161,0.6
Bupropion / naltrexone,heart palpitations,1,161,0.6
Bupropion / naltrexone,low libido,1,161,0.6
Buspirone,dizziness,34,139,24.5
Buspirone,insomnia,14,139,10.1
Buspirone,nausea,14,139,10.1
Buspirone,fatigue,10,139,7.2
Buspirone,headache,8,139,5.8
Buspirone,vomiting,5,139,3.6
Buspirone,drowsiness,3,139,2.2
Buspirone,heart palpitations,3,139,2.2
Buspirone,rash / itching,3,139,2.2
Buspirone,weight gain,3,139,2.2
Buspirone,anxiety,1,139,0.7
Buspirone,constipation,1,139,0.7
Buspirone,diarrhea,1,139,0.7
Buspirone,dry mouth,1,139,0.7
Buspirone,hair loss,1,139,0.7
Buspirone,low libido,1,139,0.7
Butorphanol,dizziness,2,4,50.0
Butorphanol,drowsiness,1,4,25.0
Butorphanol,headache,1,4,25.0
Butorphanol,nausea,1,4,25.0
Butorphanol,vomiting,1,4,25.0
Butrans,rash / itching,5,20,25.0
Butrans,fatigue,3,20,15.0
Butrans,nausea,3,20,15.0
Butrans,constipation,2,20,10.0
Butrans,diarrhea,2,20,10.0
Butrans,dizziness,2,20,10.0
Butrans,headache,2,20,10.0
Butrans,anxiety,1,20,5.0
Butrans,cramps,1,20,5.0
Butrans,depression,1,20,5.0
Butrans,insomnia,1,20,5.0
Butrans,weight gain,1,20,5.0
Bydureon,diarrhea,6,21,28.6
Bydureon,nausea,5,21,23.8
Bydureon,cramps,3,21,14.3
Bydureon,vomiting,3,21,14.3
Bydureon,headache,2,21,9.5
Bydureon,rash / itching,2,21,9.5
Bydureon,constipation,1,21,4.8
Bydureon,insomnia,1,21,4.8
Bydureon,joint / muscle pain,1,21,4.8
Bystolic,headache,5,22,22.7
Bystolic,dizziness,4,22,18.2
Bystolic,diarrhea,3,22,13.6
Bystolic,fatigue,3,22,13.6
Bystolic,insomnia,3,22,13.6
Bystolic,anxiety,2,22,9.1
Bystolic,depression,1,22,4.5
Bystolic,drowsiness,1,22,4.5
Bystolic,dry mouth,1,22,4.5
Bystolic,heart palpitations,1,22,4.5
Bystolic,low libido,1,22,4.5
Bystolic,nausea,1,22,4.5
Bystolic,rash / itching,1,22,4.5
Bystolic,weight gain,1,22,4.5
C1 esterase inhibitor (human),nausea,1,1,100.0
C1 esterase inhibitor (human),vomiting,1,1,100.0
Cabergoline,cramps,1,3,33.3
Cabergoline,depression,1,3,33.3
Cabergoline,dizziness,1,3,33.3
Cabergoline,fatigue,1,3,33.3
Cabergoline,hair loss,1,3,33.3
Cabergoline,headache,1,3,33.3
Cabergoline,nausea,1,3,33.3
Cabergoline,vomiting,1,3,33.3
Caffeine,drowsiness,1,3,33.3
Caffeine,fatigue,1,3,33.3
Caffeine,headache,1,3,33.3
Caffeine,mood swings,1,3,33.3
Caffeine,nausea,1,3,33.3
Calan SR,bleeding,1,1,100.0
Calan SR,diarrhea,1,1,100.0
Camila,bleeding,7,13,53.8
Camila,mood swings,6,13,46.2
Camila,weight gain,6,13,46.2
Camila,acne,4,13,30.8
Camila,cramps,4,13,30.8
Camila,low libido,4,13,30.8
Camila,depression,3,13,23.1
Camila,fatigue,3,13,23.1
Camila,headache,2,13,15.4
Camila,dry mouth,1,13,7.7
Camila,hair loss,1,13,7.7
Camila,nausea,1,13,7.7
Camphor / menthol,rash / itching,1,2,50.0
Camrese,bleeding,12,20,60.0
Camrese,cramps,8,20,40.0
Camrese,depression,8,20,40.0
Camrese,headache,8,20,40.0
Camrese,fatigue,4,20,20.0
Camrese,mood swings,4,20,20.0
Camrese,weight gain,4,20,20.0
Camrese,anxiety,2,20,10.0
Camrese,dizziness,2,20,10.0
Camrese,insomnia,2,20,10.0
Camrese,low libido,2,20,10.0
Camrese,nausea,2,20,10.0
Camrese,acne,1,20,5.0
Camrese,vomiting,1,20,5.0
CamreseLo,anxiety,1,1,100.0
CamreseLo,cramps,1,1,100.0
CamreseLo,nausea,1,1,100.0
Canagliflozin,fatigue,4,36,11.1
Canagliflozin,rash / itching,4,36,11.1
Canagliflozin,constipation,3,36,8.3
Canagliflozin,cramps,3,36,8.3
Canagliflozin,depression,2,36,5.6
Canagliflozin,dry mouth,2,36,5.6
Canagliflozin,diarrhea,1,36,2.8
Canagliflozin,dizziness,1,36,2.8
Canagliflozin,hair loss,1,36,2.8
Canagliflozin,weight gain,1,36,2.8
Candesartan,anxiety,2,9,22.2
Candesartan,depression,2,9,22.2
Candesartan,insomnia,2,9,22.2
Candesartan,fatigue,1,9,11.1
Candesartan,hair loss,1,9,11.1
Candesartan,headache,1,9,11.1
Candesartan,joint / muscle pain,1,9,11.1
Candesartan,nausea,1,9,11.1
Candesartan,weight gain,1,9,11.1
Capecitabine,fatigue,1,2,50.0
Capsaicin,rash / itching,2,13,15.4
Carafate,bleeding,1,3,33.3
Carbamazepine,fatigue,7,37,18.9
Carbamazepine,drowsiness,6,37,16.2
Carbamazepine,dizziness,4,37,10.8
Carbamazepine,headache,4,37,10.8
Carbamazepine,rash / itching,3,37,8.1
Carbamazepine,constipation,1,37,2.7
Carbamazepine,low libido,1,37,2.7
Carbamazepine,mood swings,1,37,2.7
Carbamazepine,nausea,1,37,2.7
Carbamazepine,vomiting,1,37,2.7
Carbamazepine,weight gain,1,37,2.7
Cariprazine,nausea,2,15,13.3
Cariprazine,weight gain,2,15,13.3
Cariprazine,constipation,1,15,6.7
Cariprazine,fatigue,1,15,6.7
Cariprazine,headache,1,15,6.7
Cariprazine,insomnia,1,15,6.7
Carisoprodol,dizziness,2,6,33.3
Carisoprodol,headache,1,6,16.7
Carisoprodol,insomnia,1,6,16.7
Carisoprodol,mood swings,1,6,16.7
Carisoprodol,nausea,1,6,16.7
Cartia XT,dizziness,1,2,50.0
Carvedilol,headache,8,30,26.7
Carvedilol,dizziness,6,30,20.0
Carvedilol,fatigue,5,30,16.7
Carvedilol,nausea,5,30,16.7
Carvedilol,heart palpitations,1,30,3.3
Carvedilol,joint / muscle pain,1,30,3.3
Carvedilol,low libido,1,30,3.3
Catapres,dizziness,1,1,100.0
Catapres,insomnia,1,1,100.0
Cefazolin,rash / itching,1,1,100.0
Cefdinir,diarrhea,43,101,42.6
Cefdinir,rash / itching,22,101,21.8
Cefdinir,headache,15,101,14.9
Cefdinir,nausea,14,101,13.9
Cefdinir,cramps,12,101,11.9
Cefdinir,vomiting,10,101,9.9
Cefdinir,dizziness,5,101,5.0
Cefdinir,joint / muscle pain,4,101,4.0
Cefdinir,fatigue,3,101,3.0
Cefdinir,anxiety,1,101,1.0
Cefdinir,constipation,1,101,1.0
Cefdinir,heart palpitations,1,101,1.0
Cefditoren,diarrhea,1,2,50.0
Cefditoren,rash / itching,1,2,50.0
Cefprozil,diarrhea,3,9,33.3
Cefprozil,rash / itching,2,9,22.2
Cefprozil,cramps,1,9,11.1
Cefprozil,dry mouth,1,9,11.1
Ceftin,anxiety,1,2,50.0
Ceftin,diarrhea,1,2,50.0
Ceftin,dizziness,1,2,50.0
Ceftriaxone,rash / itching,2,5,40.0
Ceftriaxone,vomiting,2,5,40.0
Ceftriaxone,diarrhea,1,5,20.0
Ceftriaxone,dizziness,1,5,20.0
Ceftriaxone,headache,1,5,20.0
Ceftriaxone,joint / muscle pain,1,5,20.0
Cefuroxime,diarrhea,2,18,11.1
Cefuroxime,dizziness,2,18,11.1
Cefuroxime,headache,2,18,11.1
Cefuroxime,nausea,2,18,11.1
Cefuroxime,bleeding,1,18,5.6
Cefuroxime,vomiting,1,18,5.6
Cefzil,diarrhea,1,2,50.0
Cefzil,nausea,1,2,50.0
Celebrex,nausea,2,10,20.0
Celebrex,headache,1,10,10.0
Celecoxib,fatigue,2,17,11.8
Celecoxib,diarrhea,1,17,5.9
Celecoxib,dizziness,1,17,5.9
Celexa,fatigue,6,58,10.3
Celexa,dizziness,5,58,8.6
Celexa,headache,4,58,6.9
Celexa,insomnia,4,58,6.9
Celexa,dry mouth,3,58,5.2
Celexa,low libido,3,58,5.2
Celexa,vomiting,3,58,5.2
Celexa,weight gain,3,58,5.2
Celexa,drowsiness,2,58,3.4
Celexa,nausea,1,58,1.7
Celexa,rash / itching,1,58,1.7
Cephalexin,diarrhea,11,40,27.5
Cephalexin,dizziness,8,40,20.0
Cephalexin,nausea,7,40,17.5
Cephalexin,rash / itching,5,40,12.5
Cephalexin,fatigue,4,40,10.0
Cephalexin,vomiting,4,40,10.0
Cephalexin,cramps,3,40,7.5
Cephalexin,joint / muscle pain,3,40,7.5
Cephalexin,acne,2,40,5.0
Cephalexin,anxiety,2,40,5.0
Cephalexin,headache,2,40,5.0
Cephalexin,bleeding,1,40,2.5
Cephalexin,insomnia,1,40,2.5
Certolizumab,headache,1,3,33.3
Cetaphil Lotion,acne,1,1,100.0
Cetirizine,drowsiness,7,26,26.9
Cetirizine,rash / itching,5,26,19.2
Cetirizine,insomnia,2,26,7.7
Cetirizine,fatigue,1,26,3.8
Cetirizine,headache,1,26,3.8
Cetirizine,heart palpitations,1,26,3.8
Cetirizine,joint / muscle pain,1,26,3.8
Cetirizine,weight gain,1,26,3.8
Cevimeline,rash / itching,1,1,100.0
Chantix,nausea,10,38,26.3
Chantix,headache,5,38,13.2
Chantix,depression,4,38,10.5
Chantix,fatigue,4,38,10.5
Chantix,rash / itching,4,38,10.5
Chantix,constipation,3,38,7.9
Chantix,anxiety,2,38,5.3
Chantix,dizziness,2,38,5.3
Chantix,drowsiness,2,38,5.3
Chantix,insomnia,2,38,5.3
Chantix,mood swings,2,38,5.3
Chantix,diarrhea,1,38,2.6
Chantix,dry mouth,1,38,2.6
Chantix,joint / muscle pain,1,38,2.6
Chantix,vomiting,1,38,2.6
Chateal,acne,13,31,41.9
Chateal,depression,11,31,35.5
Chateal,mood swings,11,31,35.5
Chateal,cramps,7,31,22.6
Chateal,nausea,7,31,22.6
Chateal,fatigue,5,31,16.1
Chateal,weight gain,5,31,16.1
Chateal,anxiety,3,31,9.7
Chateal,headache,3,31,9.7
Chateal,low libido,3,31,9.7
Chateal,bleeding,2,31,6.5
Chateal,constipation,1,31,3.2
Chateal,dizziness,1,31,3.2
Chateal,drowsiness,1,31,3.2
Chateal,vomiting,1,31,3.2
Chloral hydrate,fatigue,1,2,50.0
Chloramphenicol,rash / itching,1,1,100.0
Chlordiazepoxide,joint / muscle pain,1,3,33.3
Chlordiazepoxide,vomiting,1,3,33.3
Chlordiazepoxide / clidinium,cramps,1,2,50.0
Chlorhexidine,rash / itching,2,3,66.7
Chlorpheniramine,anxiety,1,1,100.0
Chlorpheniramine,nausea,1,1,100.0
Chlorpheniramine,vomiting,1,1,100.0
Chlorpheniramine / dextromethorphan,headache,2,3,66.7
Chlorpheniramine / dextromethorphan,nausea,1,3,33.3
Chlorpheniramine / hydrocodone,anxiety,1,2,50.0
Chlorpheniramine / hydrocodone,insomnia,1,2,50.0
Chlorthalidone,cramps,2,5,40.0
Chlorthalidone,anxiety,1,5,20.0
Chlorthalidone,diarrhea,1,5,20.0
Chlorthalidone,fatigue,1,5,20.0
Chlorthalidone,headache,1,5,20.0
Chlorthalidone,heart palpitations,1,5,20.0
Chlorzoxazone,diarrhea,1,6,16.7
Chlorzoxazone,headache,1,6,16.7
Chlorzoxazone,joint / muscle pain,1,6,16.7
Cholecalciferol,cramps,1,2,50.0
Cholecalciferol,dizziness,1,2,50.0
Cholecalciferol,heart palpitations,1,2,50.0
Cholecalciferol,joint / muscle pain,1,2,50.0
Cholecalciferol,nausea,1,2,50.0
Cholestyramine,cramps,1,3,33.3
Chondroitin / glucosamine,hair loss,1,2,50.0
Chorionic gonadotropin (hcg),fatigue,1,3,33.3
Chorionic gonadotropin (hcg),headache,1,3,33.3
Chorionic gonadotropin (hcg),rash / itching,1,3,33.3
Cialis,headache,2,17,11.8
Ciclopirox,dizziness,1,4,25.0
Cimetidine,rash / itching,1,1,100.0
Cinacalcet,cramps,1,2,50.0
Cipro,headache,6,43,14.0
Cipro,nausea,4,43,9.3
Cipro,anxiety,3,43,7.0
Cipro,cramps,3,43,7.0
Cipro,dizziness,3,43,7.0
Cipro,insomnia,3,43,7.0
Cipro,rash / itching,3,43,7.0
Cipro,diarrhea,2,43,4.7
Cipro,fatigue,2,43,4.7
Cipro,vomiting,2,43,4.7
Cipro,bleeding,1,43,2.3
Cipro,dry mouth,1,43,2.3
Ciprofloxacin,nausea,28,164,17.1
Ciprofloxacin,dizziness,25,164,15.2
Ciprofloxacin,headache,16,164,9.8
Ciprofloxacin,rash / itching,16,164,9.8
Ciprofloxacin,vomiting,14,164,8.5
Ciprofloxacin,diarrhea,13,164,7.9
Ciprofloxacin,joint / muscle pain,12,164,7.3
Ciprofloxacin,fatigue,11,164,6.7
Ciprofloxacin,anxiety,10,164,6.1
Ciprofloxacin,insomnia,7,164,4.3
Ciprofloxacin,depression,3,164,1.8
Ciprofloxacin,cramps,2,164,1.2
Ciprofloxacin,drowsiness,2,164,1.2
Ciprofloxacin,heart palpitations,1,164,0.6
Ciprofloxacin,mood swings,1,164,0.6
Ciprofloxacin,weight gain,1,164,0.6
Ciprofloxacin / dexamethasone,rash / itching,2,8,25.0
Ciprofloxacin / dexamethasone,dizziness,1,8,12.5
Ciprofloxacin / dexamethasone,headache,1,8,12.5
Ciprofloxacin / dexamethasone,vomiting,1,8,12.5
Citalopram,nausea,22,141,15.6
Citalopram,fatigue,20,141,14.2
Citalopram,insomnia,18,141,12.8
Citalopram,headache,12,141,8.5
Citalopram,dizziness,11,141,7.8
Citalopram,diarrhea,9,141,6.4
Citalopram,low libido,8,141,5.7
Citalopram,drowsiness,6,141,4.3
Citalopram,dry mouth,6,141,4.3
Citalopram,vomiting,6,141,4.3
Citalopram,weight gain,5,141,3.5
Citalopram,heart palpitations,2,141,1.4
Citalopram,anxiety,1,141,0.7
Citalopram,bleeding,1,141,0.7
Citalopram,constipation,1,141,0.7
Citalopram,joint / muscle pain,1,141,0.7
Citalopram,mood swings,1,141,0.7
Citalopram,rash / itching,1,141,0.7
Citric acid / magnesium oxide / sodium picosulfate,cramps,2,20,10.0
Citric acid / magnesium oxide / sodium picosulfate,bleeding,1,20,5.0
Citric acid / magnesium oxide / sodium picosulfate,nausea,1,20,5.0
Citric acid / magnesium oxide / sodium picosulfate,vomiting,1,20,5.0
Clarithromycin,nausea,35,132,26.5
Clarithromycin,diarrhea,27,132,20.5
Clarithromycin,headache,23,132,17.4
Clarithromycin,anxiety,17,132,12.9
Clarithromycin,dizziness,13,132,9.8
Clarithromycin,fatigue,13,132,9.8
Clarithromycin,heart palpitations,13,132,9.8
Clarithromycin,insomnia,13,132,9.8
Clarithromycin,cramps,9,132,6.8
Clarithromycin,vomiting,8,132,6.1
Clarithromycin,depression,4,132,3.0
Clarithromycin,joint / muscle pain,4,132,3.0
Clarithromycin,rash / itching,4,132,3.0
Clarithromycin,dry mouth,3,132,2.3
Clarithromycin,bleeding,1,132,0.8
Clarithromycin,hair loss,1,132,0.8
Claritin,depression,1,8,12.5
Claritin,dizziness,1,8,12.5
Claritin,fatigue,1,8,12.5
Claritin-D,insomnia,3,4,75.0
Claritin-D,anxiety,1,4,25.0
Claritin-D,dry mouth,1,4,25.0
Claritin-D,headache,1,4,25.0
Cleocin,rash / itching,2,2,100.0
Cleocin,diarrhea,1,2,50.0
Climara Pro,fatigue,1,4,25.0
Climara Pro,headache,1,4,25.0
Climara Pro,joint / muscle pain,1,4,25.0
Clindamax,rash / itching,1,1,100.0
Clindamycin,diarrhea,37,158,23.4
Clindamycin,nausea,23,158,14.6
Clindamycin,rash / itching,16,158,10.1
Clindamycin,vomiting,14,158,8.9
Clindamycin,headache,10,158,6.3
Clindamycin,cramps,9,158,5.7
Clindamycin,fatigue,6,158,3.8
Clindamycin,dizziness,4,158,2.5
Clindamycin,joint / muscle pain,4,158,2.5
Clindamycin,anxiety,3,158,1.9
Clindamycin,bleeding,3,158,1.9
Clindamycin,acne,2,158,1.3
Clindamycin,dry mouth,2,158,1.3
Clindamycin,depression,1,158,0.6
Clindamycin,insomnia,1,158,0.6
Clindamycin,mood swings,1,158,0.6
Clindamycin / tretinoin,depression,1,11,9.1
Clindamycin / tretinoin,diarrhea,1,11,9.1
Clindesse,rash / itching,1,2,50.0
Clomid,nausea,1,5,20.0
Clomiphene,anxiety,1,9,11.1
Clomipramine,fatigue,1,4,25.0
Clomipramine,heart palpitations,1,4,25.0
Clomipramine,insomnia,1,4,25.0
Clomipramine,nausea,1,4,25.0
Clonazepam,anxiety,9,84,10.7
Clonazepam,drowsiness,8,84,9.5
Clonazepam,fatigue,4,84,4.8
Clonazepam,headache,3,84,3.6
Clonazepam,acne,2,84,2.4
Clonazepam,constipation,2,84,2.4
Clonazepam,insomnia,2,84,2.4
Clonazepam,nausea,2,84,2.4
Clonazepam,depression,1,84,1.2
Clonazepam,dizziness,1,84,1.2
Clonazepam,dry mouth,1,84,1.2
Clonazepam,heart palpitations,1,84,1.2
Clonazepam,joint / muscle pain,1,84,1.2
Clonazepam,mood swings,1,84,1.2
Clonazepam,vomiting,1,84,1.2
Clonazepam,weight gain,1,84,1.2
Clonidine,dizziness,11,63,17.5
Clonidine,drowsiness,10,63,15.9
Clonidine,dry mouth,10,63,15.9
Clonidine,fatigue,7,63,11.1
Clonidine,anxiety,5,63,7.9
Clonidine,insomnia,5,63,7.9
Clonidine,constipation,4,63,6.3
Clonidine,depression,4,63,6.3
Clonidine,diarrhea,3,63,4.8
Clonidine,mood swings,3,63,4.8
Clonidine,cramps,2,63,3.2
Clonidine,headache,2,63,3.2
Clonidine,vomiting,2,63,3.2
Clonidine,nausea,1,63,1.6
Clonidine,rash / itching,1,63,1.6
Clopidogrel,constipation,2,7,28.6
Clopidogrel,headache,2,7,28.6
Clopidogrel,bleeding,1,7,14.3
Clopidogrel,depression,1,7,14.3
Clopidogrel,diarrhea,1,7,14.3
Clopidogrel,fatigue,1,7,14.3
Clopidogrel,nausea,1,7,14.3
Clopidogrel,rash / itching,1,7,14.3
Clozapine,constipation,1,3,33.3
Clozapine,depression,1,3,33.3
Clozapine,headache,1,3,33.3
Clozapine,nausea,1,3,33.3
Clozapine,weight gain,1,3,33.3
Cobicistat / darunavir,rash / itching,2,2,100.0
Cobicistat / darunavir,insomnia,1,2,50.0
Cobicistat / elvitegravir / emtricitabine / tenofovir alafenamide,constipation,1,5,20.0
Cobicistat / elvitegravir / emtricitabine / tenofovir alafenamide,dizziness,1,5,20.0
Cobicistat / elvitegravir / emtricitabine / tenofovir alafenamide,fatigue,1,5,20.0
Cobicistat / elvitegravir / emtricitabine / tenofovir alafenamide,joint / muscle pain,1,5,20.0
Codeine,anxiety,1,4,25.0
Codeine,dizziness,1,4,25.0
Codeine / guaifenesin,headache,3,11,27.3
Codeine / guaifenesin,drowsiness,1,11,9.1
Codeine / guaifenesin / pseudoephedrine,headache,1,1,100.0
Codeine / promethazine,drowsiness,2,12,16.7
Codeine / promethazine,insomnia,1,12,8.3
Codeine / promethazine,nausea,1,12,8.3
Codeine / promethazine,rash / itching,1,12,8.3
Colchicine,nausea,1,6,16.7
Colchicine / probenecid,rash / itching,1,1,100.0
Colesevelam,constipation,2,3,66.7
Colyte,vomiting,1,1,100.0
Cometriq,diarrhea,1,1,100.0
Cometriq,nausea,1,1,100.0
Compazine,anxiety,4,16,25.0
Compazine,fatigue,3,16,18.8
Compazine,headache,1,16,6.2
Comtan,anxiety,1,1,100.0
Concerta,depression,8,27,29.6
Concerta,anxiety,7,27,25.9
Concerta,mood swings,6,27,22.2
Concerta,insomnia,4,27,14.8
Concerta,headache,3,27,11.1
Concerta,nausea,2,27,7.4
Concerta,rash / itching,2,27,7.4
Concerta,cramps,1,27,3.7
Concerta,dizziness,1,27,3.7
Concerta,fatigue,1,27,3.7
Conjugated estrogens,cramps,1,5,20.0
Conjugated estrogens / medroxyprogesterone,depression,1,3,33.3
Contrave,nausea,51,153,33.3
Contrave,dizziness,29,153,19.0
Contrave,headache,29,153,19.0
Contrave,fatigue,21,153,13.7
Contrave,vomiting,11,153,7.2
Contrave,drowsiness,10,153,6.5
Contrave,constipation,7,153,4.6
Contrave,insomnia,6,153,3.9
Contrave,anxiety,5,153,3.3
Contrave,dry mouth,5,153,3.3
Contrave,diarrhea,4,153,2.6
Contrave,rash / itching,4,153,2.6
Contrave,heart palpitations,3,153,2.0
Contrave,mood swings,3,153,2.0
Contrave,cramps,2,153,1.3
Contrave,depression,2,153,1.3
Contrave,joint / muscle pain,1,153,0.7
Contrave,low libido,1,153,0.7
Copaxone,rash / itching,2,5,40.0
Copaxone,anxiety,1,5,20.0
Copaxone,heart palpitations,1,5,20.0
Copper,cramps,54,112,48.2
Copper,bleeding,30,112,26.8
Copper,anxiety,14,112,12.5
Copper,fatigue,13,112,11.6
Copper,depression,10,112,8.9
Copper,nausea,10,112,8.9
Copper,low libido,8,112,7.1
Copper,dizziness,7,112,6.2
Copper,headache,6,112,5.4
Copper,weight gain,6,112,5.4
Copper,mood swings,4,112,3.6
Copper,hair loss,3,112,2.7
Copper,insomnia,3,112,2.7
Copper,vomiting,3,112,2.7
Copper,acne,2,112,1.8
Copper,heart palpitations,2,112,1.8
Copper,rash / itching,1,112,0.9
Coreg,fatigue,2,4,50.0
Coreg,dizziness,1,4,25.0
Coreg,joint / muscle pain,1,4,25.0
Correctol,cramps,1,2,50.0
Correctol,nausea,1,2,50.0
Correctol,vomiting,1,2,50.0
Cosentyx,rash / itching,2,8,25.0
Cosentyx,acne,1,8,12.5
Cosentyx,drowsiness,1,8,12.5
Cosentyx,fatigue,1,8,12.5
Cosentyx,headache,1,8,12.5
Coumadin,anxiety,1,2,50.0
Coumadin,headache,1,2,50.0
Cozaar,depression,1,6,16.7
Cozaar,headache,1,6,16.7
Cozaar,insomnia,1,6,16.7
Cozaar,weight gain,1,6,16.7
Creon,anxiety,1,2,50.0
Creon,depression,1,2,50.0
Creon,nausea,1,2,50.0
Creon,vomiting,1,2,50.0
Crestor,joint / muscle pain,5,14,35.7
Crestor,cramps,3,14,21.4
Crestor,headache,2,14,14.3
Crestor,constipation,1,14,7.1
Crestor,dizziness,1,14,7.1
Crestor,fatigue,1,14,7.1
Crestor,insomnia,1,14,7.1
Crestor,weight gain,1,14,7.1
Crinone,rash / itching,1,1,100.0
Crisaborole,bleeding,1,4,25.0
Cryselle,depression,10,32,31.2
Cryselle,mood swings,10,32,31.2
Cryselle,acne,9,32,28.1
Cryselle,anxiety,6,32,18.8
Cryselle,weight gain,6,32,18.8
Cryselle,bleeding,4,32,12.5
Cryselle,cramps,4,32,12.5
Cryselle,headache,4,32,12.5
Cryselle,nausea,4,32,12.5
Cryselle,fatigue,3,32,9.4
Cryselle,low libido,3,32,9.4
Cryselle,rash / itching,2,32,6.2
Cryselle,constipation,1,32,3.1
Cryselle,dizziness,1,32,3.1
Cryselle,vomiting,1,32,3.1
Cyanocobalamin,fatigue,1,1,100.0
Cyclafem 1 / 35,bleeding,1,1,100.0
Cyclafem 1 / 35,cramps,1,1,100.0
Cyclafem 1 / 35,headache,1,1,100.0
Cyclafem 1 / 35,weight gain,1,1,100.0
Cyclessa,cramps,1,1,100.0
Cyclessa,depression,1,1,100.0
Cyclessa,low libido,1,1,100.0
Cyclessa,mood swings,1,1,100.0
Cyclessa,weight gain,1,1,100.0
Cyclizine,anxiety,1,2,50.0
Cyclobenzaprine,drowsiness,13,80,16.2
Cyclobenzaprine,fatigue,13,80,16.2
Cyclobenzaprine,headache,7,80,8.8
Cyclobenzaprine,dry mouth,6,80,7.5
Cyclobenzaprine,dizziness,5,80,6.2
Cyclobenzaprine,joint / muscle pain,4,80,5.0
Cyclobenzaprine,cramps,3,80,3.8
Cyclobenzaprine,insomnia,3,80,3.8
Cyclobenzaprine,mood swings,3,80,3.8
Cyclobenzaprine,nausea,3,80,3.8
Cyclobenzaprine,anxiety,2,80,2.5
Cyclobenzaprine,depression,2,80,2.5
Cyclobenzaprine,diarrhea,2,80,2.5
Cyclobenzaprine,vomiting,2,80,2.5
Cyclobenzaprine,rash / itching,1,80,1.2
Cyclopentolate,anxiety,1,1,100.0
Cyclosporine,diarrhea,1,15,6.7
Cyclosporine,vomiting,1,15,6.7
Cymbalta,nausea,28,169,16.6
Cymbalta,headache,21,169,12.4
Cymbalta,dizziness,18,169,10.7
Cymbalta,insomnia,15,169,8.9
Cymbalta,depression,13,169,7.7
Cymbalta,fatigue,13,169,7.7
Cymbalta,diarrhea,11,169,6.5
Cymbalta,low libido,10,169,5.9
Cymbalta,vomiting,10,169,5.9
Cymbalta,anxiety,8,169,4.7
Cymbalta,cramps,6,169,3.6
Cymbalta,dry mouth,5,169,3.0
Cymbalta,heart palpitations,5,169,3.0
Cymbalta,constipation,4,169,2.4
Cymbalta,drowsiness,4,169,2.4
Cymbalta,weight gain,3,169,1.8
Cymbalta,mood swings,2,169,1.2
Cymbalta,rash / itching,2,169,1.2
Cymbalta,bleeding,1,169,0.6
Cyproheptadine,weight gain,4,12,33.3
Cyproheptadine,drowsiness,1,12,8.3
Cyproheptadine,fatigue,1,12,8.3
Cyred,acne,1,1,100.0
Cyred,bleeding,1,1,100.0
Cyred,low libido,1,1,100.0
Cyred,mood swings,1,1,100.0
Cytomel,heart palpitations,1,2,50.0
Dabigatran,constipation,2,5,40.0
Dabigatran,diarrhea,2,5,40.0
Dabigatran,fatigue,1,5,20.0
Dabigatran,joint / muscle pain,1,5,20.0
Daliresp,nausea,3,5,60.0
Daliresp,anxiety,1,5,20.0
Daliresp,depression,1,5,20.0
Daliresp,diarrhea,1,5,20.0
Daliresp,headache,1,5,20.0
Daliresp,insomnia,1,5,20.0
Daliresp,vomiting,1,5,20.0
Danazol,cramps,1,1,100.0
Danazol,weight gain,1,1,100.0
Dapagliflozin,dizziness,2,20,10.0
Dapagliflozin,rash / itching,2,20,10.0
Dapagliflozin,depression,1,20,5.0
Dapagliflozin,diarrhea,1,20,5.0
Dapagliflozin,dry mouth,1,20,5.0
Dapagliflozin,fatigue,1,20,5.0
Dapagliflozin,hair loss,1,20,5.0
Dapagliflozin,headache,1,20,5.0
Dapagliflozin,heart palpitations,1,20,5.0
Dapagliflozin,weight gain,1,20,5.0
Darifenacin,constipation,1,1,100.0
Darifenacin,dizziness,1,1,100.0
Dasetta 7 / 7 / 7,acne,1,1,100.0
Decadron,headache,2,5,40.0
Decadron,diarrhea,1,5,20.0
Decadron,insomnia,1,5,20.0
Decadron,mood swings,1,5,20.0
Decadron,rash / itching,1,5,20.0
Decadron,vomiting,1,5,20.0
Delsym,diarrhea,17,36,47.2
Delsym,nausea,5,36,13.9
Delsym,cramps,4,36,11.1
Delsym,vomiting,4,36,11.1
Delsym,dizziness,3,36,8.3
Delsym,anxiety,1,36,2.8
Delsym,drowsiness,1,36,2.8
Delsym,heart palpitations,1,36,2.8
Delsym,insomnia,1,36,2.8
Deltasone,insomnia,1,1,100.0
Denosumab,fatigue,6,27,22.2
Denosumab,headache,3,27,11.1
Denosumab,rash / itching,3,27,11.1
Denosumab,anxiety,2,27,7.4
Denosumab,acne,1,27,3.7
Denosumab,bleeding,1,27,3.7
Denosumab,constipation,1,27,3.7
Denosumab,cramps,1,27,3.7
Denosumab,depression,1,27,3.7
Denosumab,insomnia,1,27,3.7
Denosumab,joint / muscle pain,1,27,3.7
Denosumab,weight gain,1,27,3.7
Depakene,nausea,1,2,50.0
Depakote,weight gain,11,29,37.9
Depakote,depression,4,29,13.8
Depakote,fatigue,3,29,10.3
Depakote,hair loss,1,29,3.4
Depakote,low libido,1,29,3.4
Depakote,mood swings,1,29,3.4
Depakote,vomiting,1,29,3.4
Depakote ER,headache,2,5,40.0
Depakote ER,weight gain,2,5,40.0
Depakote ER,acne,1,5,20.0
Depakote ER,cramps,1,5,20.0
Depakote ER,low libido,1,5,20.0
Deplin,headache,1,10,10.0
Deplin,joint / muscle pain,1,10,10.0
Depo-Provera,mood swings,75,299,25.1
Depo-Provera,bleeding,67,299,22.4
Depo-Provera,weight gain,65,299,21.7
Depo-Provera,cramps,55,299,18.4
Depo-Provera,depression,55,299,18.4
Depo-Provera,low libido,38,299,12.7
Depo-Provera,acne,36,299,12.0
Depo-Provera,fatigue,34,299,11.4
Depo-Provera,headache,27,299,9.0
Depo-Provera,anxiety,24,299,8.0
Depo-Provera,nausea,10,299,3.3
Depo-Provera,hair loss,8,299,2.7
Depo-Provera,dizziness,6,299,2.0
Depo-Provera,drowsiness,4,299,1.3
Depo-Provera,insomnia,4,299,1.3
Depo-Provera,vomiting,4,299,1.3
Depo-Provera,diarrhea,3,299,1.0
Depo-Provera,constipation,1,299,0.3
Depo-Provera,heart palpitations,1,299,0.3
Depo-Provera,joint / muscle pain,1,299,0.3
Depo-Provera,rash / itching,1,299,0.3
Dermal filler,acne,2,10,20.0
Desloratadine,dizziness,1,4,25.0
Desloratadine,drowsiness,1,4,25.0
Desloratadine,fatigue,1,4,25.0
Desloratadine,headache,1,4,25.0
Desloratadine,joint / muscle pain,1,4,25.0
Desloratadine,nausea,1,4,25.0
Desloratadine,rash / itching,1,4,25.0
Desogen,mood swings,3,5,60.0
Desogen,acne,2,5,40.0
Desogen,weight gain,2,5,40.0
Desogen,cramps,1,5,20.0
Desogen,dizziness,1,5,20.0
Desogen,fatigue,1,5,20.0
Desogen,headache,1,5,20.0
Desogen,low libido,1,5,20.0
Desogen,nausea,1,5,20.0
Desogestrel / ethinyl estradiol,mood swings,45,131,34.4
Desogestrel / ethinyl estradiol,depression,35,131,26.7
Desogestrel / ethinyl estradiol,low libido,30,131,22.9
Desogestrel / ethinyl estradiol,nausea,30,131,22.9
Desogestrel / ethinyl estradiol,acne,28,131,21.4
Desogestrel / ethinyl estradiol,cramps,27,131,20.6
Desogestrel / ethinyl estradiol,weight gain,27,131,20.6
Desogestrel / ethinyl estradiol,bleeding,18,131,13.7
Desogestrel / ethinyl estradiol,anxiety,14,131,10.7
Desogestrel / ethinyl estradiol,headache,14,131,10.7
Desogestrel / ethinyl estradiol,fatigue,12,131,9.2
Desogestrel / ethinyl estradiol,rash / itching,5,131,3.8
Desogestrel / ethinyl estradiol,vomiting,4,131,3.1
Desogestrel / ethinyl estradiol,dizziness,3,131,2.3
Desogestrel / ethinyl estradiol,heart palpitations,3,131,2.3
Desogestrel / ethinyl estradiol,insomnia,3,131,2.3
Desogestrel / ethinyl estradiol,hair loss,2,131,1.5
Desogestrel / ethinyl estradiol,constipation,1,131,0.8
Desvenlafaxine,nausea,22,91,24.2
Desvenlafaxine,fatigue,15,91,16.5
Desvenlafaxine,dizziness,12,91,13.2
Desvenlafaxine,headache,11,91,12.1
Desvenlafaxine,insomnia,7,91,7.7
Desvenlafaxine,diarrhea,6,91,6.6
Desvenlafaxine,vomiting,6,91,6.6
Desvenlafaxine,low libido,4,91,4.4
Desvenlafaxine,drowsiness,3,91,3.3
Desvenlafaxine,dry mouth,3,91,3.3
Desvenlafaxine,weight gain,3,91,3.3
Desvenlafaxine,constipation,2,91,2.2
Desvenlafaxine,heart palpitations,2,91,2.2
Desvenlafaxine,joint / muscle pain,2,91,2.2
Desvenlafaxine,cramps,1,91,1.1
Desvenlafaxine,hair loss,1,91,1.1
Desvenlafaxine,rash / itching,1,91,1.1
Desyrel,fatigue,1,3,33.3
Desyrel,nausea,1,3,33.3
Dexamethasone,insomnia,5,12,41.7
Dexamethasone,mood swings,4,12,33.3
Dexamethasone,anxiety,3,12,25.0
Dexamethasone,depression,2,12,16.7
Dexamethasone,headache,2,12,16.7
Dexamethasone,weight gain,2,12,16.7
Dexamethasone,acne,1,12,8.3
Dexamethasone,dizziness,1,12,8.3
Dexamethasone,joint / muscle pain,1,12,8.3
Dexamethasone,rash / itching,1,12,8.3
Dexilant,diarrhea,8,19,42.1
Dexilant,cramps,3,19,15.8
Dexilant,nausea,3,19,15.8
Dexilant,anxiety,2,19,10.5
Dexilant,dizziness,2,19,10.5
Dexilant,fatigue,2,19,10.5
Dexilant,joint / muscle pain,2,19,10.5
Dexilant,constipation,1,19,5.3
Dexilant,depression,1,19,5.3
Dexilant,headache,1,19,5.3
Dexilant,vomiting,1,19,5.3
Dexlansoprazole,diarrhea,6,14,42.9
Dexlansoprazole,cramps,4,14,28.6
Dexlansoprazole,anxiety,3,14,21.4
Dexlansoprazole,nausea,3,14,21.4
Dexlansoprazole,constipation,1,14,7.1
Dexlansoprazole,dizziness,1,14,7.1
Dexlansoprazole,headache,1,14,7.1
Dexlansoprazole,joint / muscle pain,1,14,7.1
Dexlansoprazole,mood swings,1,14,7.1
Dexlansoprazole,rash / itching,1,14,7.1
Dexlansoprazole,vomiting,1,14,7.1
Dexmethylphenidate,anxiety,2,10,20.0
Dexmethylphenidate,mood swings,2,10,20.0
Dexmethylphenidate,dizziness,1,10,10.0
Dexmethylphenidate,headache,1,10,10.0
Dextroamphetamine,fatigue,1,4,25.0
Dextromethorphan,diarrhea,36,66,54.5
Dextromethorphan,cramps,10,66,15.2
Dextromethorphan,dizziness,8,66,12.1
Dextromethorphan,nausea,8,66,12.1
Dextromethorphan,vomiting,4,66,6.1
Dextromethorphan,anxiety,3,66,4.5
Dextromethorphan,drowsiness,3,66,4.5
Dextromethorphan,fatigue,2,66,3.0
Dextromethorphan,rash / itching,2,66,3.0
Dextromethorphan,depression,1,66,1.5
Dextromethorphan,insomnia,1,66,1.5
Dextromethorphan / guaifenesin,anxiety,1,4,25.0
Dextromethorphan / guaifenesin,headache,1,4,25.0
Dextromethorphan / guaifenesin,nausea,1,4,25.0
Dextromethorphan / guaifenesin / phenylephrine,anxiety,1,1,100.0
Dextromethorphan / guaifenesin / phenylephrine,heart palpitations,1,1,100.0
Dextromethorphan / guaifenesin / phenylephrine,insomnia,1,1,100.0
Dextromethorphan / quinidine,depression,1,1,100.0
Dextromethorphan / quinidine,fatigue,1,1,100.0
Diamox,headache,5,6,83.3
Diamox,nausea,2,6,33.3
Diamox,constipation,1,6,16.7
Diamox,dizziness,1,6,16.7
Diamox,fatigue,1,6,16.7
Diazepam,fatigue,2,24,8.3
Diazepam,drowsiness,1,24,4.2
Diazepam,insomnia,1,24,4.2
Diazepam,rash / itching,1,24,4.2
Diazepam,vomiting,1,24,4.2
Diclegis,drowsiness,3,11,27.3
Diclegis,fatigue,3,11,27.3
Diclegis,headache,3,11,27.3
Diclegis,depression,1,11,9.1
Diclegis,dry mouth,1,11,9.1
Diclegis,joint / muscle pain,1,11,9.1
Diclegis,mood swings,1,11,9.1
Diclofenac,cramps,5,70,7.1
Diclofenac,headache,5,70,7.1
Diclofenac,rash / itching,5,70,7.1
Diclofenac,nausea,4,70,5.7
Diclofenac,diarrhea,3,70,4.3
Diclofenac,dizziness,3,70,4.3
Diclofenac,drowsiness,2,70,2.9
Diclofenac,fatigue,2,70,2.9
Diclofenac,insomnia,2,70,2.9
Diclofenac,anxiety,1,70,1.4
Diclofenac,bleeding,1,70,1.4
Diclofenac,constipation,1,70,1.4
Diclofenac,mood swings,1,70,1.4
Diclofenac / misoprostol,dizziness,1,3,33.3
Diclofenac / misoprostol,vomiting,1,3,33.3
Dicloxacillin,dizziness,1,1,100.0
Dicloxacillin,nausea,1,1,100.0
Dicyclomine,dizziness,3,15,20.0
Dicyclomine,fatigue,3,15,20.0
Dicyclomine,cramps,2,15,13.3
Dicyclomine,dry mouth,2,15,13.3
Dicyclomine,headache,2,15,13.3
Dicyclomine,nausea,2,15,13.3
Dicyclomine,anxiety,1,15,6.7
Dicyclomine,insomnia,1,15,6.7
Dicyclomine,vomiting,1,15,6.7
Dienogest / estradiol,bleeding,2,6,33.3
Dienogest / estradiol,cramps,2,6,33.3
Dienogest / estradiol,anxiety,1,6,16.7
Dienogest / estradiol,depression,1,6,16.7
Dienogest / estradiol,dizziness,1,6,16.7
Dienogest / estradiol,headache,1,6,16.7
Dienogest / estradiol,mood swings,1,6,16.7
Dienogest / estradiol,nausea,1,6,16.7
Diethylpropion,bleeding,1,3,33.3
Differin,rash / itching,3,18,16.7
Diflucan,dizziness,2,11,18.2
Diflucan,fatigue,2,11,18.2
Diflucan,headache,1,11,9.1
Diflucan,nausea,1,11,9.1
Diflucan,rash / itching,1,11,9.1
Digoxin,depression,1,4,25.0
Digoxin,fatigue,1,4,25.0
Digoxin,joint / muscle pain,1,4,25.0
Dihydroergotamine,anxiety,1,5,20.0
Dihydroergotamine,depression,1,5,20.0
Dilantin,rash / itching,3,7,42.9
Dilantin,dizziness,1,7,14.3
Dilantin,headache,1,7,14.3
Dilaudid,headache,2,12,16.7
Dilaudid,nausea,2,12,16.7
Dilaudid,vomiting,2,12,16.7
Dilaudid-HP,nausea,1,1,100.0
Diltiazem,headache,3,16,18.8
Diltiazem,dizziness,2,16,12.5
Diltiazem,fatigue,2,16,12.5
Diltiazem,rash / itching,2,16,12.5
Diltiazem,diarrhea,1,16,6.2
Diltiazem,joint / muscle pain,1,16,6.2
Diltiazem,nausea,1,16,6.2
Dimenhydrinate,dizziness,1,1,100.0
Dimethyl fumarate,depression,1,4,25.0
Dimethyl fumarate,fatigue,1,4,25.0
Dimethyl fumarate,nausea,1,4,25.0
Diovan,joint / muscle pain,2,8,25.0
Diovan,fatigue,1,8,12.5
Diovan,hair loss,1,8,12.5
Diovan,nausea,1,8,12.5
Diovan,vomiting,1,8,12.5
Diovan,weight gain,1,8,12.5
Diovan HCT,headache,1,2,50.0
Diovan HCT,rash / itching,1,2,50.0
Diphenhydramine,drowsiness,5,27,18.5
Diphenhydramine,fatigue,5,27,18.5
Diphenhydramine,anxiety,3,27,11.1
Diphenhydramine,depression,3,27,11.1
Diphenhydramine,dizziness,2,27,7.4
Diphenhydramine,headache,2,27,7.4
Diphenhydramine,bleeding,1,27,3.7
Diphenhydramine,heart palpitations,1,27,3.7
Diphenhydramine,rash / itching,1,27,3.7
Diphenhydramine / naproxen,anxiety,1,6,16.7
Diphenhydramine / naproxen,dry mouth,1,6,16.7
Diphenhydramine / naproxen,rash / itching,1,6,16.7
Disulfiram,drowsiness,1,6,16.7
Ditropan,drowsiness,1,3,33.3
Ditropan,nausea,1,3,33.3
Divalproex sodium,weight gain,11,48,22.9
Divalproex sodium,depression,4,48,8.3
Divalproex sodium,fatigue,4,48,8.3
Divalproex sodium,headache,3,48,6.2
Divalproex sodium,anxiety,2,48,4.2
Divalproex sodium,drowsiness,2,48,4.2
Divalproex sodium,hair loss,2,48,4.2
Divalproex sodium,nausea,2,48,4.2
Divalproex sodium,diarrhea,1,48,2.1
Divalproex sodium,low libido,1,48,2.1
Divalproex sodium,vomiting,1,48,2.1
Dobutamine,headache,1,1,100.0
Docosanol,acne,2,40,5.0
Docusate,cramps,1,3,33.3
Dofetilide,fatigue,1,4,25.0
Dofetilide,headache,1,4,25.0
Dofetilide,weight gain,1,4,25.0
Dolutegravir,fatigue,1,2,50.0
Donepezil,diarrhea,3,17,17.6
Donepezil,depression,2,17,11.8
Donepezil,anxiety,1,17,5.9
Donepezil,bleeding,1,17,5.9
Donepezil,constipation,1,17,5.9
Donepezil,cramps,1,17,5.9
Donepezil,drowsiness,1,17,5.9
Donepezil,headache,1,17,5.9
Donepezil,insomnia,1,17,5.9
Donepezil,joint / muscle pain,1,17,5.9
Donepezil,nausea,1,17,5.9
Donepezil,weight gain,1,17,5.9
Dong quai,dizziness,1,1,100.0
Dong quai,drowsiness,1,1,100.0
Doryx,vomiting,1,7,14.3
Dorzolamide,rash / itching,1,1,100.0
Dorzolamide / timolol,rash / itching,1,2,50.0
Dostinex,depression,1,1,100.0
Dostinex,fatigue,1,1,100.0
Doxazosin,insomnia,1,2,50.0
Doxazosin,mood swings,1,2,50.0
Doxazosin,rash / itching,1,2,50.0
Doxepin,anxiety,10,54,18.5
Doxepin,fatigue,9,54,16.7
Doxepin,depression,6,54,11.1
Doxepin,headache,6,54,11.1
Doxepin,dizziness,2,54,3.7
Doxepin,dry mouth,2,54,3.7
Doxepin,mood swings,2,54,3.7
Doxepin,nausea,2,54,3.7
Doxepin,drowsiness,1,54,1.9
Doxepin,insomnia,1,54,1.9
Doxepin,weight gain,1,54,1.9
Doxorubicin,nausea,1,1,100.0
Doxorubicin,vomiting,1,1,100.0
Doxycycline,nausea,30,162,18.5
Doxycycline,vomiting,21,162,13.0
Doxycycline,headache,19,162,11.7
Doxycycline,rash / itching,8,162,4.9
Doxycycline,fatigue,6,162,3.7
Doxycycline,depression,4,162,2.5
Doxycycline,diarrhea,3,162,1.9
Doxycycline,joint / muscle pain,3,162,1.9
Doxycycline,weight gain,3,162,1.9
Doxycycline,acne,2,162,1.2
Doxycycline,cramps,2,162,1.2
Doxycycline,dizziness,2,162,1.2
Doxycycline,anxiety,1,162,0.6
Doxycycline,bleeding,1,162,0.6
Doxycycline,insomnia,1,162,0.6
Doxycycline,mood swings,1,162,0.6
Doxylamine,drowsiness,2,20,10.0
Doxylamine,dry mouth,2,20,10.0
Doxylamine,fatigue,2,20,10.0
Doxylamine,depression,1,20,5.0
Doxylamine,dizziness,1,20,5.0
Doxylamine,headache,1,20,5.0
Doxylamine,heart palpitations,1,20,5.0
Doxylamine,mood swings,1,20,5.0
Doxylamine,nausea,1,20,5.0
Doxylamine / pyridoxine,dizziness,3,13,23.1
Doxylamine / pyridoxine,drowsiness,1,13,7.7
Doxylamine / pyridoxine,dry mouth,1,13,7.7
Doxylamine / pyridoxine,fatigue,1,13,7.7
Dronabinol,nausea,1,3,33.3
Dronabinol,vomiting,1,3,33.3
Dronedarone,headache,1,6,16.7
Dronedarone,nausea,1,6,16.7
Drospirenone / ethinyl estradiol,mood swings,58,191,30.4
Drospirenone / ethinyl estradiol,depression,48,191,25.1
Drospirenone / ethinyl estradiol,acne,42,191,22.0
Drospirenone / ethinyl estradiol,anxiety,34,191,17.8
Drospirenone / ethinyl estradiol,bleeding,32,191,16.8
Drospirenone / ethinyl estradiol,weight gain,30,191,15.7
Drospirenone / ethinyl estradiol,cramps,29,191,15.2
Drospirenone / ethinyl estradiol,headache,27,191,14.1
Drospirenone / ethinyl estradiol,low libido,26,191,13.6
Drospirenone / ethinyl estradiol,fatigue,23,191,12.0
Drospirenone / ethinyl estradiol,nausea,16,191,8.4
Drospirenone / ethinyl estradiol,vomiting,8,191,4.2
Drospirenone / ethinyl estradiol,dizziness,4,191,2.1
Drospirenone / ethinyl estradiol,hair loss,4,191,2.1
Drospirenone / ethinyl estradiol,rash / itching,4,191,2.1
Drospirenone / ethinyl estradiol,insomnia,3,191,1.6
Drospirenone / ethinyl estradiol,heart palpitations,2,191,1.0
Drospirenone / ethinyl estradiol,constipation,1,191,0.5
Drospirenone / ethinyl estradiol,drowsiness,1,191,0.5
Drospirenone / ethinyl estradiol,joint / muscle pain,1,191,0.5
Drospirenone / ethinyl estradiol / levomefolate calcium,mood swings,8,24,33.3
Drospirenone / ethinyl estradiol / levomefolate calcium,depression,7,24,29.2
Drospirenone / ethinyl estradiol / levomefolate calcium,cramps,5,24,20.8
Drospirenone / ethinyl estradiol / levomefolate calcium,nausea,5,24,20.8
Drospirenone / ethinyl estradiol / levomefolate calcium,anxiety,4,24,16.7
Drospirenone / ethinyl estradiol / levomefolate calcium,fatigue,4,24,16.7
Drospirenone / ethinyl estradiol / levomefolate calcium,acne,3,24,12.5
Drospirenone / ethinyl estradiol / levomefolate calcium,bleeding,3,24,12.5
Drospirenone / ethinyl estradiol / levomefolate calcium,headache,3,24,12.5
Drospirenone / ethinyl estradiol / levomefolate calcium,low libido,3,24,12.5
Drospirenone / ethinyl estradiol / levomefolate calcium,insomnia,2,24,8.3
Drospirenone / ethinyl estradiol / levomefolate calcium,weight gain,2,24,8.3
Drospirenone / ethinyl estradiol / levomefolate calcium,dizziness,1,24,4.2
Drospirenone / ethinyl estradiol / levomefolate calcium,joint / muscle pain,1,24,4.2
Drospirenone / ethinyl estradiol / levomefolate calcium,vomiting,1,24,4.2
Duac,rash / itching,6,11,54.5
Duexis,diarrhea,1,2,50.0
Duexis,weight gain,1,2,50.0
Dulaglutide,nausea,24,55,43.6
Dulaglutide,vomiting,22,55,40.0
Dulaglutide,diarrhea,20,55,36.4
Dulaglutide,fatigue,8,55,14.5
Dulaglutide,cramps,5,55,9.1
Dulaglutide,dizziness,4,55,7.3
Dulaglutide,headache,4,55,7.3
Dulaglutide,joint / muscle pain,4,55,7.3
Dulaglutide,rash / itching,4,55,7.3
Dulaglutide,constipation,2,55,3.6
Dulaglutide,depression,1,55,1.8
Dulaglutide,dry mouth,1,55,1.8
Dulaglutide,low libido,1,55,1.8
Dulaglutide,weight gain,1,55,1.8
Dulcolax,cramps,76,116,65.5
Dulcolax,nausea,32,116,27.6
Dulcolax,vomiting,29,116,25.0
Dulcolax,diarrhea,27,116,23.3
Dulcolax,dizziness,13,116,11.2
Dulcolax,anxiety,1,116,0.9
Dulcolax,bleeding,1,116,0.9
Dulcolax,insomnia,1,116,0.9
Dulcolax,mood swings,1,116,0.9
Dulcolax Laxative,cramps,5,6,83.3
Dulcolax Laxative,diarrhea,3,6,50.0
Dulcolax Laxative,vomiting,3,6,50.0
Dulcolax Laxative,nausea,2,6,33.3
Dulera,heart palpitations,2,5,40.0
Dulera,insomnia,1,5,20.0
Dulera,weight gain,1,5,20.0
Duloxetine,nausea,40,182,22.0
Duloxetine,headache,24,182,13.2
Duloxetine,fatigue,20,182,11.0
Duloxetine,insomnia,19,182,10.4
Duloxetine,dizziness,16,182,8.8
Duloxetine,depression,15,182,8.2
Duloxetine,vomiting,11,182,6.0
Duloxetine,low libido,10,182,5.5
Duloxetine,diarrhea,9,182,4.9
Duloxetine,drowsiness,7,182,3.8
Duloxetine,anxiety,6,182,3.3
Duloxetine,weight gain,6,182,3.3
Duloxetine,dry mouth,5,182,2.7
Duloxetine,joint / muscle pain,4,182,2.2
Duloxetine,mood swings,4,182,2.2
Duloxetine,cramps,3,182,1.6
Duloxetine,heart palpitations,3,182,1.6
Duloxetine,rash / itching,3,182,1.6
Duloxetine,bleeding,2,182,1.1
Duloxetine,constipation,2,182,1.1
Duragesic,rash / itching,1,2,50.0
Dutasteride,low libido,1,1,100.0
Dutasteride / tamsulosin,constipation,1,2,50.0
Dutasteride / tamsulosin,cramps,1,2,50.0
Dutasteride / tamsulosin,dizziness,1,2,50.0
Dutasteride / tamsulosin,low libido,1,2,50.0
Dyanavel XR,fatigue,1,1,100.0
Dyazide,cramps,1,2,50.0
Dyazide,dizziness,1,2,50.0
Dyazide,heart palpitations,1,2,50.0
Dyazide,nausea,1,2,50.0
Dymista,headache,3,8,37.5
Dymista,bleeding,1,8,12.5
Dymista,drowsiness,1,8,12.5
Dymista,nausea,1,8,12.5
Dymista,rash / itching,1,8,12.5
Econazole,rash / itching,1,1,100.0
Edarbi,fatigue,2,3,66.7
Edarbi,cramps,1,3,33.3
Edarbi,dizziness,1,3,33.3
Edarbyclor,fatigue,1,2,50.0
Efavirenz,bleeding,1,1,100.0
Efavirenz / emtricitabine / tenofovir,depression,1,1,100.0
Efavirenz / emtricitabine / tenofovir,fatigue,1,1,100.0
Effexor,insomnia,5,46,10.9
Effexor,nausea,5,46,10.9
Effexor,dizziness,4,46,8.7
Effexor,fatigue,4,46,8.7
Effexor,headache,4,46,8.7
Effexor,weight gain,3,46,6.5
Effexor,constipation,2,46,4.3
Effexor,dry mouth,2,46,4.3
Effexor,acne,1,46,2.2
Effexor,depression,1,46,2.2
Effexor XR,nausea,8,46,17.4
Effexor XR,dizziness,6,46,13.0
Effexor XR,fatigue,6,46,13.0
Effexor XR,insomnia,5,46,10.9
Effexor XR,weight gain,3,46,6.5
Effexor XR,diarrhea,2,46,4.3
Effexor XR,headache,2,46,4.3
Effexor XR,bleeding,1,46,2.2
Effexor XR,heart palpitations,1,46,2.2
Effexor XR,low libido,1,46,2.2
Effexor XR,vomiting,1,46,2.2
Effient,bleeding,1,1,100.0
Efinaconazole,headache,1,23,4.3
Eflornithine,depression,1,4,25.0
Efudex,acne,1,3,33.3
Efudex,fatigue,1,3,33.3
Efudex,rash / itching,1,3,33.3
Elavil,headache,3,4,75.0
Elbasvir / grazoprevir,fatigue,1,1,100.0
Eletone,acne,1,1,100.0
Eletone,rash / itching,1,1,100.0
Eletriptan,nausea,1,6,16.7
Eliquis,dizziness,2,7,28.6
Eliquis,bleeding,1,7,14.3
Eliquis,headache,1,7,14.3
Eliquis,insomnia,1,7,14.3
Eliquis,nausea,1,7,14.3
Eliquis,rash / itching,1,7,14.3
Elmiron,fatigue,2,9,22.2
Elmiron,constipation,1,9,11.1
Elmiron,diarrhea,1,9,11.1
Elmiron,hair loss,1,9,11.1
Elmiron,headache,1,9,11.1
Elmiron,joint / muscle pain,1,9,11.1
Elmiron,nausea,1,9,11.1
Elmiron,rash / itching,1,9,11.1
Eluxadoline,vomiting,3,16,18.8
Eluxadoline,cramps,1,16,6.2
Eluxadoline,dizziness,1,16,6.2
Eluxadoline,headache,1,16,6.2
Eluxadoline,heart palpitations,1,16,6.2
Eluxadoline,joint / muscle pain,1,16,6.2
Eluxadoline,nausea,1,16,6.2
Embeda,constipation,2,7,28.6
Embeda,fatigue,2,7,28.6
Embeda,headache,2,7,28.6
Embeda,anxiety,1,7,14.3
Embeda,cramps,1,7,14.3
Embeda,nausea,1,7,14.3
Emollients,rash / itching,4,9,44.4
Emollients,bleeding,1,9,11.1
Emtricitabine / rilpivirine / tenofovir,depression,1,3,33.3
Emtricitabine / rilpivirine / tenofovir,fatigue,1,3,33.3
Emtricitabine / rilpivirine / tenofovir,weight gain,1,3,33.3
Emtricitabine / tenofovir,fatigue,1,2,50.0
Emtricitabine / tenofovir,nausea,1,2,50.0
Emtricitabine / tenofovir,rash / itching,1,2,50.0
Emtricitabine / tenofovir,vomiting,1,2,50.0
Enablex,dry mouth,1,3,33.3
Enalapril,dry mouth,1,4,25.0
Enbrel,constipation,1,14,7.1
Enbrel,dizziness,1,14,7.1
Enbrel,fatigue,1,14,7.1
Enbrel,headache,1,14,7.1
Enbrel,rash / itching,1,14,7.1
Endocet,nausea,1,1,100.0
Enskyce,bleeding,3,3,100.0
Enskyce,cramps,2,3,66.7
Enskyce,dizziness,1,3,33.3
Enskyce,low libido,1,3,33.3
Enskyce,weight gain,1,3,33.3
EnteraGam,cramps,1,2,50.0
EnteraGam,headache,1,2,50.0
Entocort EC,nausea,1,1,100.0
Entocort EC,weight gain,1,1,100.0
Entresto,dizziness,1,2,50.0
Entyvio,dizziness,2,4,50.0
Entyvio,diarrhea,1,4,25.0
Entyvio,headache,1,4,25.0
Entyvio,joint / muscle pain,1,4,25.0
Entyvio,nausea,1,4,25.0
Entyvio,rash / itching,1,4,25.0
Epidrin,anxiety,1,1,100.0
Epidrin,dizziness,1,1,100.0
Epiduo,rash / itching,12,60,20.0
Epitol,dizziness,1,1,100.0
Epoetin alfa,fatigue,1,1,100.0
Ergocalciferol,headache,2,4,50.0
Ergocalciferol,dizziness,1,4,25.0
Errin,cramps,3,11,27.3
Errin,acne,2,11,18.2
Errin,bleeding,1,11,9.1
Errin,depression,1,11,9.1
Errin,fatigue,1,11,9.1
Errin,headache,1,11,9.1
Errin,mood swings,1,11,9.1
Errin,nausea,1,11,9.1
Errin,weight gain,1,11,9.1
Erythromycin,cramps,1,5,20.0
Erythromycin,dizziness,1,5,20.0
Erythromycin,insomnia,1,5,20.0
Erythromycin,vomiting,1,5,20.0
Escitalopram,fatigue,24,147,16.3
Escitalopram,nausea,24,147,16.3
Escitalopram,headache,21,147,14.3
Escitalopram,insomnia,15,147,10.2
Escitalopram,dizziness,12,147,8.2
Escitalopram,weight gain,12,147,8.2
Escitalopram,drowsiness,8,147,5.4
Escitalopram,vomiting,8,147,5.4
Escitalopram,low libido,7,147,4.8
Escitalopram,diarrhea,5,147,3.4
Escitalopram,rash / itching,4,147,2.7
Escitalopram,dry mouth,3,147,2.0
Escitalopram,cramps,2,147,1.4
Escitalopram,heart palpitations,2,147,1.4
Escitalopram,constipation,1,147,0.7
Escitalopram,depression,1,147,0.7
Escitalopram,hair loss,1,147,0.7
Escitalopram,joint / muscle pain,1,147,0.7
Eslicarbazepine,dizziness,1,1,100.0
Esomeprazole,headache,3,9,33.3
Esomeprazole,constipation,2,9,22.2
Esomeprazole,cramps,2,9,22.2
Esomeprazole,diarrhea,2,9,22.2
Esomeprazole,nausea,2,9,22.2
Esomeprazole,rash / itching,1,9,11.1
Esomeprazole,vomiting,1,9,11.1
Esomeprazole / naproxen,diarrhea,3,6,50.0
Esomeprazole / naproxen,cramps,1,6,16.7
Esomeprazole / naproxen,headache,1,6,16.7
Esomeprazole / naproxen,nausea,1,6,16.7
Esomeprazole / naproxen,rash / itching,1,6,16.7
Esomeprazole / naproxen,vomiting,1,6,16.7
Esomeprazole / naproxen,weight gain,1,6,16.7
Estarylla,anxiety,11,39,28.2
Estarylla,bleeding,9,39,23.1
Estarylla,depression,8,39,20.5
Estarylla,mood swings,8,39,20.5
Estarylla,cramps,7,39,17.9
Estarylla,headache,7,39,17.9
Estarylla,nausea,7,39,17.9
Estarylla,acne,5,39,12.8
Estarylla,weight gain,5,39,12.8
Estarylla,dizziness,3,39,7.7
Estarylla,low libido,3,39,7.7
Estarylla,vomiting,3,39,7.7
Estarylla,fatigue,2,39,5.1
Estarylla,insomnia,1,39,2.6
Estraderm,headache,1,1,100.0
Estradiol,headache,4,65,6.2
Estradiol,weight gain,4,65,6.2
Estradiol,cramps,3,65,4.6
Estradiol,bleeding,2,65,3.1
Estradiol,dizziness,2,65,3.1
Estradiol,insomnia,2,65,3.1
Estradiol,rash / itching,2,65,3.1
Estradiol,anxiety,1,65,1.5
Estradiol,diarrhea,1,65,1.5
Estradiol,fatigue,1,65,1.5
Estradiol,hair loss,1,65,1.5
Estradiol,heart palpitations,1,65,1.5
Estradiol,joint / muscle pain,1,65,1.5
Estradiol,nausea,1,65,1.5
Estradiol / norethindrone,cramps,1,1,100.0
Estradiol / norethindrone,fatigue,1,1,100.0
Estradiol Patch,rash / itching,1,1,100.0
Eszopiclone,anxiety,6,50,12.0
Eszopiclone,drowsiness,6,50,12.0
Eszopiclone,depression,3,50,6.0
Eszopiclone,fatigue,2,50,4.0
Eszopiclone,headache,2,50,4.0
Eszopiclone,mood swings,2,50,4.0
Eszopiclone,dry mouth,1,50,2.0
Eszopiclone,insomnia,1,50,2.0
Etanercept,rash / itching,3,7,42.9
Ethambutol,rash / itching,1,2,50.0
Ethinyl estradiol / ethynodiol,depression,4,10,40.0
Ethinyl estradiol / ethynodiol,acne,3,10,30.0
Ethinyl estradiol / ethynodiol,bleeding,2,10,20.0
Ethinyl estradiol / ethynodiol,nausea,2,10,20.0
Ethinyl estradiol / ethynodiol,weight gain,2,10,20.0
Ethinyl estradiol / ethynodiol,anxiety,1,10,10.0
Ethinyl estradiol / ethynodiol,cramps,1,10,10.0
Ethinyl estradiol / ethynodiol,fatigue,1,10,10.0
Ethinyl estradiol / ethynodiol,headache,1,10,10.0
Ethinyl estradiol / ethynodiol,mood swings,1,10,10.0
Ethinyl estradiol / etonogestrel,depression,38,120,31.7
Ethinyl estradiol / etonogestrel,low libido,36,120,30.0
Ethinyl estradiol / etonogestrel,mood swings,31,120,25.8
Ethinyl estradiol / etonogestrel,cramps,23,120,19.2
Ethinyl estradiol / etonogestrel,headache,23,120,19.2
Ethinyl estradiol / etonogestrel,fatigue,21,120,17.5
Ethinyl estradiol / etonogestrel,weight gain,19,120,15.8
Ethinyl estradiol / etonogestrel,anxiety,14,120,11.7
Ethinyl estradiol / etonogestrel,nausea,14,120,11.7
Ethinyl estradiol / etonogestrel,acne,12,120,10.0
Ethinyl estradiol / etonogestrel,bleeding,10,120,8.3
Ethinyl estradiol / etonogestrel,rash / itching,7,120,5.8
Ethinyl estradiol / etonogestrel,vomiting,6,120,5.0
Ethinyl estradiol / etonogestrel,dizziness,4,120,3.3
Ethinyl estradiol / etonogestrel,insomnia,2,120,1.7
Ethinyl estradiol / etonogestrel,diarrhea,1,120,0.8
Ethinyl estradiol / etonogestrel,drowsiness,1,120,0.8
Ethinyl estradiol / etonogestrel,heart palpitations,1,120,0.8
Ethinyl estradiol / folic acid / levonorgestrel,acne,2,2,100.0
Ethinyl estradiol / folic acid / levonorgestrel,headache,1,2,50.0
Ethinyl estradiol / folic acid / levonorgestrel,low libido,1,2,50.0
Ethinyl estradiol / folic acid / levonorgestrel,mood swings,1,2,50.0
Ethinyl estradiol / folic acid / levonorgestrel,weight gain,1,2,50.0
Ethinyl estradiol / levonorgestrel,cramps,154,536,28.7
Ethinyl estradiol / levonorgestrel,acne,148,536,27.6
Ethinyl estradiol / levonorgestrel,mood swings,140,536,26.1
Ethinyl estradiol / levonorgestrel,bleeding,126,536,23.5
Ethinyl estradiol / levonorgestrel,depression,125,536,23.3
Ethinyl estradiol / levonorgestrel,weight gain,104,536,19.4
Ethinyl estradiol / levonorgestrel,nausea,84,536,15.7
Ethinyl estradiol / levonorgestrel,low libido,80,536,14.9
Ethinyl estradiol / levonorgestrel,headache,70,536,13.1
Ethinyl estradiol / levonorgestrel,anxiety,64,536,11.9
Ethinyl estradiol / levonorgestrel,fatigue,44,536,8.2
Ethinyl estradiol / levonorgestrel,vomiting,16,536,3.0
Ethinyl estradiol / levonorgestrel,dizziness,15,536,2.8
Ethinyl estradiol / levonorgestrel,rash / itching,13,536,2.4
Ethinyl estradiol / levonorgestrel,insomnia,7,536,1.3
Ethinyl estradiol / levonorgestrel,hair loss,5,536,0.9
Ethinyl estradiol / levonorgestrel,constipation,4,536,0.7
Ethinyl estradiol / levonorgestrel,heart palpitations,4,536,0.7
Ethinyl estradiol / levonorgestrel,diarrhea,3,536,0.6
Ethinyl estradiol / levonorgestrel,drowsiness,2,536,0.4
Ethinyl estradiol / levonorgestrel,joint / muscle pain,2,536,0.4
Ethinyl estradiol / norelgestromin,nausea,21,71,29.6
Ethinyl estradiol / norelgestromin,cramps,19,71,26.8
Ethinyl estradiol / norelgestromin,headache,19,71,26.8
Ethinyl estradiol / norelgestromin,mood swings,17,71,23.9
Ethinyl estradiol / norelgestromin,anxiety,12,71,16.9
Ethinyl estradiol / norelgestromin,depression,11,71,15.5
Ethinyl estradiol / norelgestromin,bleeding,10,71,14.1
Ethinyl estradiol / norelgestromin,vomiting,10,71,14.1
Ethinyl estradiol / norelgestromin,weight gain,9,71,12.7
Ethinyl estradiol / norelgestromin,rash / itching,8,71,11.3
Ethinyl estradiol / norelgestromin,dizziness,7,71,9.9
Ethinyl estradiol / norelgestromin,fatigue,7,71,9.9
Ethinyl estradiol / norelgestromin,acne,6,71,8.5
Ethinyl estradiol / norelgestromin,low libido,6,71,8.5
Ethinyl estradiol / norelgestromin,insomnia,3,71,4.2
Ethinyl estradiol / norelgestromin,hair loss,2,71,2.8
Ethinyl estradiol / norelgestromin,joint / muscle pain,1,71,1.4
Ethinyl estradiol / norethindrone,mood swings,229,815,28.1
Ethinyl estradiol / norethindrone,bleeding,208,815,25.5
Ethinyl estradiol / norethindrone,cramps,197,815,24.2
Ethinyl estradiol / norethindrone,depression,178,815,21.8
Ethinyl estradiol / norethindrone,acne,165,815,20.2
Ethinyl estradiol / norethindrone,weight gain,143,815,17.5
Ethinyl estradiol / norethindrone,anxiety,126,815,15.5
Ethinyl estradiol / norethindrone,nausea,114,815,14.0
Ethinyl estradiol / norethindrone,headache,112,815,13.7
Ethinyl estradiol / norethindrone,low libido,96,815,11.8
Ethinyl estradiol / norethindrone,fatigue,78,815,9.6
Ethinyl estradiol / norethindrone,dizziness,36,815,4.4
Ethinyl estradiol / norethindrone,vomiting,22,815,2.7
Ethinyl estradiol / norethindrone,rash / itching,20,815,2.5
Ethinyl estradiol / norethindrone,insomnia,13,815,1.6
Ethinyl estradiol / norethindrone,hair loss,9,815,1.1
Ethinyl estradiol / norethindrone,constipation,8,815,1.0
Ethinyl estradiol / norethindrone,diarrhea,4,815,0.5
Ethinyl estradiol / norethindrone,drowsiness,4,815,0.5
Ethinyl estradiol / norethindrone,heart palpitations,4,815,0.5
Ethinyl estradiol / norethindrone,joint / muscle pain,2,815,0.2
Ethinyl estradiol / norethindrone,dry mouth,1,815,0.1
Ethinyl estradiol / norgestimate,nausea,155,559,27.7
Ethinyl estradiol / norgestimate,mood swings,150,559,26.8
Ethinyl estradiol / norgestimate,depression,128,559,22.9
Ethinyl estradiol / norgestimate,acne,118,559,21.1
Ethinyl estradiol / norgestimate,cramps,118,559,21.1
Ethinyl estradiol / norgestimate,anxiety,93,559,16.6
Ethinyl estradiol / norgestimate,headache,86,559,15.4
Ethinyl estradiol / norgestimate,weight gain,82,559,14.7
Ethinyl estradiol / norgestimate,bleeding,77,559,13.8
Ethinyl estradiol / norgestimate,low libido,63,559,11.3
Ethinyl estradiol / norgestimate,fatigue,57,559,10.2
Ethinyl estradiol / norgestimate,vomiting,46,559,8.2
Ethinyl estradiol / norgestimate,dizziness,27,559,4.8
Ethinyl estradiol / norgestimate,insomnia,16,559,2.9
Ethinyl estradiol / norgestimate,rash / itching,9,559,1.6
Ethinyl estradiol / norgestimate,heart palpitations,7,559,1.3
Ethinyl estradiol / norgestimate,constipation,6,559,1.1
Ethinyl estradiol / norgestimate,hair loss,4,559,0.7
Ethinyl estradiol / norgestimate,diarrhea,3,559,0.5
Ethinyl estradiol / norgestimate,drowsiness,2,559,0.4
Ethinyl estradiol / norgestimate,dry mouth,2,559,0.4
Ethinyl estradiol / norgestimate,joint / muscle pain,1,559,0.2
Ethinyl estradiol / norgestrel,acne,11,39,28.2
Ethinyl estradiol / norgestrel,depression,10,39,25.6
Ethinyl estradiol / norgestrel,bleeding,9,39,23.1
Ethinyl estradiol / norgestrel,mood swings,9,39,23.1
Ethinyl estradiol / norgestrel,headache,7,39,17.9
Ethinyl estradiol / norgestrel,cramps,6,39,15.4
Ethinyl estradiol / norgestrel,low libido,6,39,15.4
Ethinyl estradiol / norgestrel,nausea,6,39,15.4
Ethinyl estradiol / norgestrel,weight gain,6,39,15.4
Ethinyl estradiol / norgestrel,anxiety,4,39,10.3
Ethinyl estradiol / norgestrel,vomiting,2,39,5.1
Ethinyl estradiol / norgestrel,diarrhea,1,39,2.6
Ethinyl estradiol / norgestrel,fatigue,1,39,2.6
Ethinyl estradiol / norgestrel,hair loss,1,39,2.6
Ethinyl estradiol / norgestrel,insomnia,1,39,2.6
Etodolac,diarrhea,2,9,22.2
Etodolac,cramps,1,9,11.1
Etodolac,nausea,1,9,11.1
Etodolac,vomiting,1,9,11.1
Etonogestrel,bleeding,395,879,44.9
Etonogestrel,mood swings,297,879,33.8
Etonogestrel,depression,241,879,27.4
Etonogestrel,weight gain,238,879,27.1
Etonogestrel,low libido,167,879,19.0
Etonogestrel,acne,148,879,16.8
Etonogestrel,anxiety,135,879,15.4
Etonogestrel,cramps,109,879,12.4
Etonogestrel,headache,101,879,11.5
Etonogestrel,fatigue,99,879,11.3
Etonogestrel,nausea,47,879,5.3
Etonogestrel,dizziness,28,879,3.2
Etonogestrel,hair loss,17,879,1.9
Etonogestrel,insomnia,13,879,1.5
Etonogestrel,rash / itching,12,879,1.4
Etonogestrel,joint / muscle pain,7,879,0.8
Etonogestrel,drowsiness,4,879,0.5
Etonogestrel,vomiting,4,879,0.5
Etonogestrel,heart palpitations,3,879,0.3
Etonogestrel,diarrhea,1,879,0.1
Euflexxa,headache,3,16,18.8
Euflexxa,nausea,1,16,6.2
Evekeo,anxiety,1,2,50.0
Evekeo,mood swings,1,2,50.0
Evening Primrose Oil,heart palpitations,1,1,100.0
Everolimus,nausea,1,1,100.0
Everolimus,rash / itching,1,1,100.0
Everolimus,vomiting,1,1,100.0
Evolocumab,joint / muscle pain,3,4,75.0
Evolocumab,cramps,1,4,25.0
Evoxac,dry mouth,1,2,50.0
Evoxac,fatigue,1,2,50.0
Excedrin,fatigue,1,1,100.0
Exelon,headache,1,4,25.0
Exelon,nausea,1,4,25.0
Exemestane,fatigue,7,16,43.8
Exemestane,joint / muscle pain,7,16,43.8
Exemestane,insomnia,5,16,31.2
Exemestane,headache,4,16,25.0
Exemestane,depression,3,16,18.8
Exemestane,nausea,3,16,18.8
Exemestane,acne,2,16,12.5
Exemestane,weight gain,2,16,12.5
Exemestane,constipation,1,16,6.2
Exemestane,dizziness,1,16,6.2
Exemestane,hair loss,1,16,6.2
Exenatide,nausea,11,27,40.7
Exenatide,vomiting,5,27,18.5
Exenatide,diarrhea,3,27,11.1
Exenatide,weight gain,3,27,11.1
Exenatide,dizziness,2,27,7.4
Exenatide,rash / itching,2,27,7.4
Exenatide,drowsiness,1,27,3.7
Exenatide,fatigue,1,27,3.7
Exenatide,hair loss,1,27,3.7
Exenatide,heart palpitations,1,27,3.7
Exforge,weight gain,1,3,33.3
Ezetimibe,diarrhea,3,12,25.0
Ezetimibe,joint / muscle pain,3,12,25.0
Ezetimibe,fatigue,2,12,16.7
Ezetimibe,dizziness,1,12,8.3
Ezetimibe,mood swings,1,12,8.3
Ezetimibe,nausea,1,12,8.3
Ezetimibe,vomiting,1,12,8.3
Ezetimibe,weight gain,1,12,8.3
Ezetimibe / simvastatin,cramps,1,1,100.0
Ezetimibe / simvastatin,weight gain,1,1,100.0
Factive,rash / itching,1,2,50.0
Falmina,depression,4,11,36.4
Falmina,acne,3,11,27.3
Falmina,fatigue,3,11,27.3
Falmina,mood swings,3,11,27.3
Falmina,bleeding,2,11,18.2
Falmina,cramps,2,11,18.2
Falmina,headache,2,11,18.2
Falmina,weight gain,2,11,18.2
Falmina,anxiety,1,11,9.1
Falmina,dry mouth,1,11,9.1
Falmina,low libido,1,11,9.1
Falmina,rash / itching,1,11,9.1
Famciclovir,headache,1,2,50.0
Famotidine,anxiety,1,4,25.0
Famotidine,nausea,1,4,25.0
Fanapt,drowsiness,1,2,50.0
Fanapt,fatigue,1,2,50.0
Farxiga,dizziness,1,10,10.0
Farxiga,dry mouth,1,10,10.0
Farxiga,headache,1,10,10.0
Farxiga,nausea,1,10,10.0
Farxiga,rash / itching,1,10,10.0
Fastin,nausea,2,7,28.6
Felodipine,depression,1,2,50.0
Felodipine,drowsiness,1,2,50.0
Femara,joint / muscle pain,3,5,60.0
Femara,fatigue,2,5,40.0
Femara,headache,1,5,20.0
Fenofibrate,joint / muscle pain,2,9,22.2
Fenofibrate,rash / itching,2,9,22.2
Fenofibrate,cramps,1,9,11.1
Fenofibrate,diarrhea,1,9,11.1
Fenofibrate,fatigue,1,9,11.1
Fenofibrate,headache,1,9,11.1
Fenofibrate,insomnia,1,9,11.1
Fenofibrate,nausea,1,9,11.1
Fenofibric acid,dizziness,2,7,28.6
Fenofibric acid,fatigue,1,7,14.3
Fenofibric acid,joint / muscle pain,1,7,14.3
Fentanyl,headache,3,19,15.8
Fentanyl,anxiety,2,19,10.5
Fentanyl,acne,1,19,5.3
Fentanyl,cramps,1,19,5.3
Fentanyl,dizziness,1,19,5.3
Fentanyl,fatigue,1,19,5.3
Fentanyl,heart palpitations,1,19,5.3
Fentanyl,vomiting,1,19,5.3
Fentanyl,weight gain,1,19,5.3
Fentanyl Transdermal System,nausea,1,3,33.3
Ferrous sulfate,constipation,3,3,100.0
Ferrous sulfate,diarrhea,2,3,66.7
Ferrous sulfate,headache,1,3,33.3
Fesoterodine,constipation,3,9,33.3
Fesoterodine,nausea,2,9,22.2
Fesoterodine,anxiety,1,9,11.1
Fesoterodine,dizziness,1,9,11.1
Fesoterodine,dry mouth,1,9,11.1
Fesoterodine,fatigue,1,9,11.1
Fesoterodine,headache,1,9,11.1
Fesoterodine,mood swings,1,9,11.1
Fesoterodine,weight gain,1,9,11.1
Fetzima,nausea,4,28,14.3
Fetzima,constipation,3,28,10.7
Fetzima,dizziness,2,28,7.1
Fetzima,dry mouth,2,28,7.1
Fetzima,headache,2,28,7.1
Fetzima,vomiting,2,28,7.1
Fetzima,cramps,1,28,3.6
Fetzima,fatigue,1,28,3.6
Fetzima,insomnia,1,28,3.6
Fetzima,low libido,1,28,3.6
Fexmid,insomnia,1,2,50.0
Fexofenadine,diarrhea,1,13,7.7
Fexofenadine,drowsiness,1,13,7.7
Fexofenadine,headache,1,13,7.7
Fexofenadine,insomnia,1,13,7.7
Fexofenadine,nausea,1,13,7.7
Fexofenadine,rash / itching,1,13,7.7
Fexofenadine,vomiting,1,13,7.7
Fexofenadine / pseudoephedrine,insomnia,2,4,50.0
Fexofenadine / pseudoephedrine,anxiety,1,4,25.0
Fexofenadine / pseudoephedrine,fatigue,1,4,25.0
Fexofenadine / pseudoephedrine,rash / itching,1,4,25.0
Finasteride,low libido,10,26,38.5
Finasteride,anxiety,4,26,15.4
Finasteride,depression,3,26,11.5
Finasteride,dizziness,1,26,3.8
Finasteride,headache,1,26,3.8
Finasteride,heart palpitations,1,26,3.8
Finasteride,insomnia,1,26,3.8
Finasteride,nausea,1,26,3.8
Fingolimod,fatigue,2,5,40.0
Fingolimod,anxiety,1,5,20.0
Fingolimod,depression,1,5,20.0
Fingolimod,headache,1,5,20.0
Fioricet,drowsiness,1,5,20.0
Flagyl,nausea,10,23,43.5
Flagyl,dizziness,5,23,21.7
Flagyl,vomiting,4,23,17.4
Flagyl,anxiety,3,23,13.0
Flagyl,diarrhea,3,23,13.0
Flagyl,fatigue,3,23,13.0
Flagyl,cramps,2,23,8.7
Flagyl,headache,2,23,8.7
Flagyl,insomnia,2,23,8.7
Flagyl,mood swings,2,23,8.7
Flagyl,rash / itching,2,23,8.7
Flagyl,heart palpitations,1,23,4.3
Flagyl,joint / muscle pain,1,23,4.3
Flecainide,fatigue,5,13,38.5
Flecainide,dizziness,3,13,23.1
Flecainide,depression,1,13,7.7
Flecainide,diarrhea,1,13,7.7
Flecainide,weight gain,1,13,7.7
Flector Patch,cramps,1,4,25.0
Fleet Bisacodyl,cramps,1,1,100.0
Fleet Bisacodyl,headache,1,1,100.0
Fleet Bisacodyl,nausea,1,1,100.0
Fleet Enema,cramps,1,1,100.0
Flexeril,insomnia,2,16,12.5
Flexeril,diarrhea,1,16,6.2
Flexeril,drowsiness,1,16,6.2
Flexeril,nausea,1,16,6.2
Flexeril,vomiting,1,16,6.2
Flomax,constipation,1,22,4.5
Flomax,cramps,1,22,4.5
Flomax,dizziness,1,22,4.5
Flomax,dry mouth,1,22,4.5
Flomax,heart palpitations,1,22,4.5
Flomax,low libido,1,22,4.5
Flonase,joint / muscle pain,2,10,20.0
Flonase,headache,1,10,10.0
Flonase,insomnia,1,10,10.0
Flovent,acne,1,1,100.0
Flovent,joint / muscle pain,1,1,100.0
Flovent,mood swings,1,1,100.0
FluMist,fatigue,1,3,33.3
FluMist Quadrivalent,fatigue,1,1,100.0
FluMist Quadrivalent,headache,1,1,100.0
FluMist Quadrivalent,joint / muscle pain,1,1,100.0
Fluconazole,rash / itching,22,56,39.3
Fluconazole,diarrhea,6,56,10.7
Fluconazole,dizziness,5,56,8.9
Fluconazole,nausea,5,56,8.9
Fluconazole,vomiting,5,56,8.9
Fluconazole,headache,4,56,7.1
Fluconazole,cramps,3,56,5.4
Fluconazole,depression,2,56,3.6
Fluconazole,drowsiness,2,56,3.6
Fluconazole,insomnia,2,56,3.6
Fluconazole,bleeding,1,56,1.8
Fluconazole,fatigue,1,56,1.8
Fluconazole,joint / muscle pain,1,56,1.8
Fluconazole,mood swings,1,56,1.8
Fludrocortisone,mood swings,1,2,50.0
Fludrocortisone,weight gain,1,2,50.0
Fluorouracil,diarrhea,1,8,12.5
Fluorouracil,nausea,1,8,12.5
Fluorouracil,rash / itching,1,8,12.5
Fluoxetine,low libido,10,111,9.0
Fluoxetine,fatigue,9,111,8.1
Fluoxetine,nausea,9,111,8.1
Fluoxetine,insomnia,8,111,7.2
Fluoxetine,dizziness,4,111,3.6
Fluoxetine,vomiting,4,111,3.6
Fluoxetine,anxiety,3,111,2.7
Fluoxetine,headache,3,111,2.7
Fluoxetine,weight gain,3,111,2.7
Fluoxetine,drowsiness,2,111,1.8
Fluoxetine,joint / muscle pain,2,111,1.8
Fluoxetine,depression,1,111,0.9
Fluoxetine,diarrhea,1,111,0.9
Fluoxetine,dry mouth,1,111,0.9
Fluoxetine,mood swings,1,111,0.9
Fluoxetine / olanzapine,weight gain,1,1,100.0
Flurbiprofen,diarrhea,1,1,100.0
Fluticasone,headache,6,25,24.0
Fluticasone,joint / muscle pain,3,25,12.0
Fluticasone,rash / itching,3,25,12.0
Fluticasone,nausea,2,25,8.0
Fluticasone,anxiety,1,25,4.0
Fluticasone,insomnia,1,25,4.0
Fluticasone / salmeterol,diarrhea,1,4,25.0
Fluticasone / vilanterol,fatigue,1,10,10.0
Fluticasone / vilanterol,heart palpitations,1,10,10.0
Fluticasone / vilanterol,joint / muscle pain,1,10,10.0
Fluticasone / vilanterol,weight gain,1,10,10.0
Fluvoxamine,headache,5,25,20.0
Fluvoxamine,fatigue,3,25,12.0
Fluvoxamine,nausea,3,25,12.0
Fluvoxamine,vomiting,3,25,12.0
Fluvoxamine,insomnia,2,25,8.0
Fluvoxamine,low libido,2,25,8.0
Fluvoxamine,drowsiness,1,25,4.0
Fluvoxamine,weight gain,1,25,4.0
Focalin,anxiety,1,7,14.3
Focalin,depression,1,7,14.3
Focalin,headache,1,7,14.3
Focalin XR,insomnia,1,4,25.0
Formoterol / mometasone,cramps,1,6,16.7
Formoterol / mometasone,fatigue,1,6,16.7
Formoterol / mometasone,weight gain,1,6,16.7
Forteo,dizziness,4,12,33.3
Forteo,fatigue,2,12,16.7
Forteo,hair loss,2,12,16.7
Forteo,headache,2,12,16.7
Forteo,insomnia,2,12,16.7
Forteo,nausea,2,12,16.7
Forteo,depression,1,12,8.3
Forteo,diarrhea,1,12,8.3
Fosamax,headache,2,6,33.3
Fosamax,joint / muscle pain,1,6,16.7
Fosfomycin,diarrhea,1,2,50.0
Fosfomycin,nausea,1,2,50.0
Furosemide,cramps,1,5,20.0
Furosemide,dry mouth,1,5,20.0
Furosemide,headache,1,5,20.0
Furosemide,nausea,1,5,20.0
Gabapentin,dizziness,27,264,10.2
Gabapentin,fatigue,19,264,7.2
Gabapentin,headache,19,264,7.2
Gabapentin,drowsiness,15,264,5.7
Gabapentin,anxiety,14,264,5.3
Gabapentin,depression,11,264,4.2
Gabapentin,weight gain,11,264,4.2
Gabapentin,insomnia,10,264,3.8
Gabapentin,nausea,9,264,3.4
Gabapentin,rash / itching,7,264,2.7
Gabapentin,mood swings,6,264,2.3
Gabapentin,vomiting,5,264,1.9
Gabapentin,diarrhea,4,264,1.5
Gabapentin,cramps,3,264,1.1
Gabapentin,joint / muscle pain,3,264,1.1
Gabapentin,constipation,2,264,0.8
Gabapentin,dry mouth,2,264,0.8
Gabapentin,acne,1,264,0.4
Gabapentin,heart palpitations,1,264,0.4
Gabapentin,low libido,1,264,0.4
Gabarone,fatigue,1,2,50.0
Gadobutrol,heart palpitations,1,2,50.0
Gadobutrol,nausea,1,2,50.0
Gadopentetate dimeglumine,fatigue,1,1,100.0
Gardasil,dizziness,2,4,50.0
Gardasil,bleeding,1,4,25.0
Gardasil,diarrhea,1,4,25.0
Gardasil,fatigue,1,4,25.0
Gardasil,headache,1,4,25.0
Gardasil,nausea,1,4,25.0
Gardasil,vomiting,1,4,25.0
GaviLyte-C,nausea,1,1,100.0
Gelnique,headache,1,2,50.0
Gemfibrozil,anxiety,1,4,25.0
Gemfibrozil,diarrhea,1,4,25.0
Gemfibrozil,dizziness,1,4,25.0
Gemfibrozil,fatigue,1,4,25.0
Gemfibrozil,headache,1,4,25.0
Gemfibrozil,mood swings,1,4,25.0
Gemifloxacin,rash / itching,1,1,100.0
Generess Fe,weight gain,8,20,40.0
Generess Fe,depression,7,20,35.0
Generess Fe,mood swings,7,20,35.0
Generess Fe,fatigue,5,20,25.0
Generess Fe,nausea,4,20,20.0
Generess Fe,bleeding,3,20,15.0
Generess Fe,low libido,3,20,15.0
Generess Fe,acne,2,20,10.0
Generess Fe,cramps,2,20,10.0
Generess Fe,anxiety,1,20,5.0
Generess Fe,constipation,1,20,5.0
Generess Fe,vomiting,1,20,5.0
Genvoya,dizziness,2,4,50.0
Genvoya,anxiety,1,4,25.0
Genvoya,headache,1,4,25.0
Genvoya,mood swings,1,4,25.0
Genvoya,nausea,1,4,25.0
Genvoya,vomiting,1,4,25.0
Geodon,fatigue,4,37,10.8
Geodon,headache,3,37,8.1
Geodon,insomnia,3,37,8.1
Geodon,drowsiness,2,37,5.4
Geodon,nausea,2,37,5.4
Geodon,constipation,1,37,2.7
Geodon,heart palpitations,1,37,2.7
Geodon,rash / itching,1,37,2.7
Geodon,weight gain,1,37,2.7
Gianvi,acne,10,33,30.3
Gianvi,depression,9,33,27.3
Gianvi,low libido,9,33,27.3
Gianvi,mood swings,7,33,21.2
Gianvi,anxiety,5,33,15.2
Gianvi,headache,5,33,15.2
Gianvi,weight gain,5,33,15.2
Gianvi,bleeding,2,33,6.1
Gianvi,cramps,2,33,6.1
Gianvi,nausea,2,33,6.1
Gianvi,constipation,1,33,3.0
Gianvi,dizziness,1,33,3.0
Gianvi,insomnia,1,33,3.0
Gianvi,rash / itching,1,33,3.0
Gildess 1 / 20,acne,1,2,50.0
Gildess 1 / 20,mood swings,1,2,50.0
Gildess 1 / 20,nausea,1,2,50.0
Gildess 1 / 20,weight gain,1,2,50.0
Gildess 1.5 / 30,mood swings,1,1,100.0
Gildess 24 Fe,bleeding,1,1,100.0
Gildess Fe 1 / 20,acne,22,67,32.8
Gildess Fe 1 / 20,bleeding,20,67,29.9
Gildess Fe 1 / 20,cramps,19,67,28.4
Gildess Fe 1 / 20,mood swings,19,67,28.4
Gildess Fe 1 / 20,depression,16,67,23.9
Gildess Fe 1 / 20,weight gain,12,67,17.9
Gildess Fe 1 / 20,low libido,9,67,13.4
Gildess Fe 1 / 20,nausea,7,67,10.4
Gildess Fe 1 / 20,anxiety,6,67,9.0
Gildess Fe 1 / 20,dizziness,5,67,7.5
Gildess Fe 1 / 20,fatigue,4,67,6.0
Gildess Fe 1 / 20,headache,4,67,6.0
Gildess Fe 1 / 20,vomiting,2,67,3.0
Gildess Fe 1 / 20,drowsiness,1,67,1.5
Gildess Fe 1 / 20,hair loss,1,67,1.5
Gildess Fe 1.5 / 30,mood swings,2,5,40.0
Gildess Fe 1.5 / 30,weight gain,2,5,40.0
Gildess Fe 1.5 / 30,cramps,1,5,20.0
Gildess Fe 1.5 / 30,fatigue,1,5,20.0
Gildess Fe 1.5 / 30,hair loss,1,5,20.0
Gildess Fe 1.5 / 30,low libido,1,5,20.0
Gilenya,acne,1,5,20.0
Gilenya,fatigue,1,5,20.0
Gilenya,nausea,1,5,20.0
Glatiramer,rash / itching,3,10,30.0
Glatiramer,cramps,1,10,10.0
Glatiramer,dizziness,1,10,10.0
Glatiramer,fatigue,1,10,10.0
Glatiramer,nausea,1,10,10.0
Gleevec,rash / itching,1,1,100.0
Gleevec,vomiting,1,1,100.0
Glimepiride,anxiety,1,4,25.0
Glimepiride,headache,1,4,25.0
Glipizide,headache,3,9,33.3
Glipizide,nausea,2,9,22.2
Glipizide,weight gain,2,9,22.2
Glipizide,anxiety,1,9,11.1
Glipizide,constipation,1,9,11.1
Glipizide,dizziness,1,9,11.1
Glipizide,joint / muscle pain,1,9,11.1
Glipizide,vomiting,1,9,11.1
Goserelin,depression,3,5,60.0
Goserelin,mood swings,3,5,60.0
Goserelin,fatigue,2,5,40.0
Goserelin,nausea,2,5,40.0
Goserelin,rash / itching,2,5,40.0
Goserelin,acne,1,5,20.0
Goserelin,constipation,1,5,20.0
Goserelin,diarrhea,1,5,20.0
Goserelin,dizziness,1,5,20.0
Goserelin,hair loss,1,5,20.0
Goserelin,headache,1,5,20.0
Goserelin,insomnia,1,5,20.0
Goserelin,joint / muscle pain,1,5,20.0
Goserelin,low libido,1,5,20.0
Goserelin,weight gain,1,5,20.0
Griseofulvin,headache,2,3,66.7
Griseofulvin,nausea,1,3,33.3
Guaifenesin,cramps,2,15,13.3
Guaifenesin,dizziness,2,15,13.3
Guaifenesin,diarrhea,1,15,6.7
Guaifenesin,headache,1,15,6.7
Guaifenesin,nausea,1,15,6.7
Guaifenesin / phenylephrine,dizziness,1,1,100.0
Guaifenesin / phenylephrine,headache,1,1,100.0
Guaifenesin / pseudoephedrine,anxiety,4,20,20.0
Guaifenesin / pseudoephedrine,headache,4,20,20.0
Guaifenesin / pseudoephedrine,insomnia,3,20,15.0
Guaifenesin / pseudoephedrine,heart palpitations,2,20,10.0
Guaifenesin / pseudoephedrine,nausea,2,20,10.0
Guaifenesin / pseudoephedrine,diarrhea,1,20,5.0
Guaifenesin / pseudoephedrine,dizziness,1,20,5.0
Guaifenesin / pseudoephedrine,dry mouth,1,20,5.0
Guaifenesin / pseudoephedrine,fatigue,1,20,5.0
Guaifenesin / pseudoephedrine,vomiting,1,20,5.0
Guanfacine,fatigue,7,49,14.3
Guanfacine,drowsiness,5,49,10.2
Guanfacine,dizziness,4,49,8.2
Guanfacine,headache,4,49,8.2
Guanfacine,mood swings,4,49,8.2
Guanfacine,anxiety,3,49,6.1
Guanfacine,insomnia,3,49,6.1
Guanfacine,constipation,2,49,4.1
Guanfacine,depression,2,49,4.1
Guanfacine,dry mouth,2,49,4.1
Guanfacine,nausea,2,49,4.1
Guanfacine,weight gain,2,49,4.1
Guanfacine,joint / muscle pain,1,49,2.0
Guanfacine,low libido,1,49,2.0
Guanfacine,rash / itching,1,49,2.0
Guanfacine,vomiting,1,49,2.0
Guarana,heart palpitations,1,2,50.0
H.P. Acthar Gel,dizziness,1,1,100.0
Hair Regrowth Treatment for Women,cramps,1,1,100.0
Hair Regrowth Treatment for Women,vomiting,1,1,100.0
"Hair, Skin & Nails",headache,1,1,100.0
Haldol,anxiety,1,7,14.3
Haldol,cramps,1,7,14.3
Haldol,drowsiness,1,7,14.3
Haloperidol,anxiety,6,16,37.5
Haloperidol,drowsiness,3,16,18.8
Haloperidol,constipation,1,16,6.2
Haloperidol,depression,1,16,6.2
Haloperidol,fatigue,1,16,6.2
Haloperidol,insomnia,1,16,6.2
Harvoni,depression,2,16,12.5
Harvoni,fatigue,2,16,12.5
Harvoni,headache,2,16,12.5
Harvoni,nausea,2,16,12.5
Harvoni,anxiety,1,16,6.2
Harvoni,diarrhea,1,16,6.2
Harvoni,dizziness,1,16,6.2
Harvoni,insomnia,1,16,6.2
Harvoni,joint / muscle pain,1,16,6.2
Harvoni,rash / itching,1,16,6.2
Harvoni,vomiting,1,16,6.2
Histrelin,low libido,1,2,50.0
Homatropine / hydrocodone,nausea,5,9,55.6
Homatropine / hydrocodone,vomiting,5,9,55.6
Homatropine / hydrocodone,dizziness,4,9,44.4
Horizant,dry mouth,1,2,50.0
Horizant,headache,1,2,50.0
Human papillomavirus vaccine,bleeding,1,4,25.0
Human papillomavirus vaccine,constipation,1,4,25.0
Human papillomavirus vaccine,diarrhea,1,4,25.0
Human papillomavirus vaccine,joint / muscle pain,1,4,25.0
Human papillomavirus vaccine,nausea,1,4,25.0
Humira,headache,4,47,8.5
Humira,rash / itching,3,47,6.4
Humira,depression,1,47,2.1
Humira,fatigue,1,47,2.1
Humira,hair loss,1,47,2.1
Humira,insomnia,1,47,2.1
Humira,nausea,1,47,2.1
Hyaluronan,fatigue,1,20,5.0
Hyaluronan,nausea,1,20,5.0
Hydralazine,dizziness,3,14,21.4
Hydralazine,fatigue,3,14,21.4
Hydralazine,headache,3,14,21.4
Hydralazine,anxiety,2,14,14.3
Hydralazine,drowsiness,2,14,14.3
Hydralazine,hair loss,2,14,14.3
Hydralazine,cramps,1,14,7.1
Hydralazine,dry mouth,1,14,7.1
Hydralazine,joint / muscle pain,1,14,7.1
Hydralazine,weight gain,1,14,7.1
Hydralazine / hydrochlorothiazide / reserpine,rash / itching,1,1,100.0
Hydrea,fatigue,1,1,100.0
Hydrea,joint / muscle pain,1,1,100.0
Hydrochlorothiazide,dizziness,7,35,20.0
Hydrochlorothiazide,cramps,6,35,17.1
Hydrochlorothiazide,fatigue,5,35,14.3
Hydrochlorothiazide,nausea,5,35,14.3
Hydrochlorothiazide,dry mouth,3,35,8.6
Hydrochlorothiazide,acne,2,35,5.7
Hydrochlorothiazide,constipation,2,35,5.7
Hydrochlorothiazide,anxiety,1,35,2.9
Hydrochlorothiazide,diarrhea,1,35,2.9
Hydrochlorothiazide,headache,1,35,2.9
Hydrochlorothiazide,insomnia,1,35,2.9
Hydrochlorothiazide,joint / muscle pain,1,35,2.9
Hydrochlorothiazide,rash / itching,1,35,2.9
Hydrochlorothiazide,weight gain,1,35,2.9
Hydrochlorothiazide / lisinopril,cramps,3,9,33.3
Hydrochlorothiazide / lisinopril,rash / itching,2,9,22.2
Hydrochlorothiazide / lisinopril,dizziness,1,9,11.1
Hydrochlorothiazide / lisinopril,fatigue,1,9,11.1
Hydrochlorothiazide / lisinopril,headache,1,9,11.1
Hydrochlorothiazide / lisinopril,nausea,1,9,11.1
Hydrochlorothiazide / losartan,cramps,1,7,14.3
Hydrochlorothiazide / losartan,diarrhea,1,7,14.3
Hydrochlorothiazide / losartan,dizziness,1,7,14.3
Hydrochlorothiazide / losartan,headache,1,7,14.3
Hydrochlorothiazide / olmesartan,dizziness,1,2,50.0
Hydrochlorothiazide / triamterene,dizziness,3,12,25.0
Hydrochlorothiazide / triamterene,nausea,3,12,25.0
Hydrochlorothiazide / triamterene,headache,2,12,16.7
Hydrochlorothiazide / triamterene,anxiety,1,12,8.3
Hydrochlorothiazide / triamterene,constipation,1,12,8.3
Hydrochlorothiazide / triamterene,cramps,1,12,8.3
Hydrochlorothiazide / triamterene,heart palpitations,1,12,8.3
Hydrochlorothiazide / triamterene,joint / muscle pain,1,12,8.3
Hydrochlorothiazide / triamterene,mood swings,1,12,8.3
Hydrochlorothiazide / triamterene,vomiting,1,12,8.3
Hydrochlorothiazide / valsartan,anxiety,1,3,33.3
Hydrochlorothiazide / valsartan,insomnia,1,3,33.3
Hydrocodone,headache,8,36,22.2
Hydrocodone,nausea,6,36,16.7
Hydrocodone,fatigue,4,36,11.1
Hydrocodone,vomiting,3,36,8.3
Hydrocodone,rash / itching,2,36,5.6
Hydrocodone,acne,1,36,2.8
Hydrocodone,anxiety,1,36,2.8
Hydrocodone,cramps,1,36,2.8
Hydrocodone,dizziness,1,36,2.8
Hydrocodone,drowsiness,1,36,2.8
Hydrocodone / ibuprofen,anxiety,1,1,100.0
Hydrocodone / ibuprofen,dizziness,1,1,100.0
Hydrocodone / ibuprofen,vomiting,1,1,100.0
Hydrocortisone / neomycin / polymyxin b,rash / itching,2,8,25.0
Hydromorphone,nausea,6,26,23.1
Hydromorphone,headache,3,26,11.5
Hydromorphone,anxiety,1,26,3.8
Hydromorphone,depression,1,26,3.8
Hydromorphone,dizziness,1,26,3.8
Hydromorphone,drowsiness,1,26,3.8
Hydromorphone,fatigue,1,26,3.8
Hydromorphone,rash / itching,1,26,3.8
Hydromorphone,vomiting,1,26,3.8
Hydroquinone,rash / itching,1,2,50.0
Hydroxocobalamin,headache,1,2,50.0
Hydroxychloroquine,nausea,6,24,25.0
Hydroxychloroquine,fatigue,4,24,16.7
Hydroxychloroquine,vomiting,4,24,16.7
Hydroxychloroquine,rash / itching,3,24,12.5
Hydroxychloroquine,constipation,2,24,8.3
Hydroxychloroquine,depression,2,24,8.3
Hydroxychloroquine,hair loss,2,24,8.3
Hydroxychloroquine,headache,2,24,8.3
Hydroxychloroquine,diarrhea,1,24,4.2
Hydroxychloroquine,dizziness,1,24,4.2
Hydroxychloroquine,joint / muscle pain,1,24,4.2
Hydroxyprogesterone,depression,2,12,16.7
Hydroxyprogesterone,fatigue,2,12,16.7
Hydroxyprogesterone,headache,2,12,16.7
Hydroxyprogesterone,rash / itching,2,12,16.7
Hydroxyurea,headache,1,4,25.0
Hydroxyurea,joint / muscle pain,1,4,25.0
Hydroxyzine,drowsiness,32,167,19.2
Hydroxyzine,fatigue,21,167,12.6
Hydroxyzine,anxiety,8,167,4.8
Hydroxyzine,insomnia,8,167,4.8
Hydroxyzine,dry mouth,7,167,4.2
Hydroxyzine,depression,6,167,3.6
Hydroxyzine,dizziness,4,167,2.4
Hydroxyzine,rash / itching,4,167,2.4
Hydroxyzine,heart palpitations,3,167,1.8
Hydroxyzine,headache,2,167,1.2
Hydroxyzine,acne,1,167,0.6
Hydroxyzine,constipation,1,167,0.6
Hydroxyzine,cramps,1,167,0.6
Hydroxyzine,diarrhea,1,167,0.6
Hydroxyzine,hair loss,1,167,0.6
Hydroxyzine,joint / muscle pain,1,167,0.6
Hydroxyzine,nausea,1,167,0.6
Hydroxyzine,vomiting,1,167,0.6
Hylan g-f 20,insomnia,3,25,12.0
Hylan g-f 20,fatigue,1,25,4.0
Hyoscyamine / methenamine / methylene blue / phenyl salicylate,headache,1,2,50.0
Hypercare,rash / itching,2,8,25.0
Hypercare,acne,1,8,12.5
Hysingla ER,nausea,3,9,33.3
Hysingla ER,fatigue,2,9,22.2
Hysingla ER,headache,2,9,22.2
Hysingla ER,drowsiness,1,9,11.1
Hysingla ER,weight gain,1,9,11.1
Hytrin,dizziness,1,2,50.0
Hytrin,low libido,1,2,50.0
Hyzaar,dizziness,1,3,33.3
Hyzaar,joint / muscle pain,1,3,33.3
Hyzaar,weight gain,1,3,33.3
Ibandronate,headache,2,9,22.2
Ibandronate,diarrhea,1,9,11.1
Ibandronate,fatigue,1,9,11.1
Ibandronate,joint / muscle pain,1,9,11.1
Ibrance,fatigue,1,1,100.0
Ibrance,hair loss,1,1,100.0
Ibrutinib,vomiting,1,4,25.0
Ibuprofen,cramps,1,11,9.1
Ibuprofen,headache,1,11,9.1
Iclusig,rash / itching,1,1,100.0
Icosapent,fatigue,1,1,100.0
Iloperidone,insomnia,2,5,40.0
Iloperidone,joint / muscle pain,2,5,40.0
Iloperidone,anxiety,1,5,20.0
Iloperidone,depression,1,5,20.0
Iloperidone,fatigue,1,5,20.0
Iloperidone,heart palpitations,1,5,20.0
Imatinib,joint / muscle pain,1,1,100.0
Imatinib,nausea,1,1,100.0
Imatinib,vomiting,1,1,100.0
Imdur,anxiety,1,3,33.3
Imdur,dizziness,1,3,33.3
Imdur,joint / muscle pain,1,3,33.3
Imdur,vomiting,1,3,33.3
Imipramine,nausea,3,8,37.5
Imipramine,dizziness,2,8,25.0
Imipramine,fatigue,2,8,25.0
Imipramine,dry mouth,1,8,12.5
Imipramine,headache,1,8,12.5
Imipramine,insomnia,1,8,12.5
Imipramine,low libido,1,8,12.5
Imiquimod,rash / itching,5,32,15.6
Imiquimod,headache,2,32,6.2
Imiquimod,nausea,2,32,6.2
Imiquimod,anxiety,1,32,3.1
Imiquimod,bleeding,1,32,3.1
Imiquimod,constipation,1,32,3.1
Imiquimod,diarrhea,1,32,3.1
Imiquimod,dizziness,1,32,3.1
Imiquimod,fatigue,1,32,3.1
Imiquimod,insomnia,1,32,3.1
Imiquimod,joint / muscle pain,1,32,3.1
Imitrex,anxiety,1,8,12.5
Imitrex,fatigue,1,8,12.5
Imitrex,nausea,1,8,12.5
Immune globulin oral,headache,1,1,100.0
Immune globulin oral,nausea,1,1,100.0
Immune globulin subcutaneous,headache,1,2,50.0
Immune globulin subcutaneous,nausea,1,2,50.0
Implanon,bleeding,103,251,41.0
Implanon,mood swings,92,251,36.7
Implanon,weight gain,85,251,33.9
Implanon,depression,59,251,23.5
Implanon,low libido,58,251,23.1
Implanon,acne,48,251,19.1
Implanon,headache,37,251,14.7
Implanon,cramps,29,251,11.6
Implanon,anxiety,27,251,10.8
Implanon,fatigue,23,251,9.2
Implanon,hair loss,8,251,3.2
Implanon,nausea,7,251,2.8
Implanon,dizziness,4,251,1.6
Implanon,insomnia,3,251,1.2
Implanon,joint / muscle pain,3,251,1.2
Imuran,depression,1,7,14.3
Imuran,fatigue,1,7,14.3
Imuran,joint / muscle pain,1,7,14.3
Imuran,nausea,1,7,14.3
Imuran,rash / itching,1,7,14.3
Imuran,vomiting,1,7,14.3
Inderal,anxiety,1,7,14.3
Inderal,fatigue,1,7,14.3
Inderal,heart palpitations,1,7,14.3
Inderal,insomnia,1,7,14.3
Inderal,weight gain,1,7,14.3
Inderal LA,dizziness,1,2,50.0
Indocin,cramps,1,2,50.0
Indocin,fatigue,1,2,50.0
Indocin,nausea,1,2,50.0
Indomethacin,dizziness,3,11,27.3
Indomethacin,depression,1,11,9.1
Indomethacin,dry mouth,1,11,9.1
Indomethacin,fatigue,1,11,9.1
Indomethacin,headache,1,11,9.1
Indomethacin,nausea,1,11,9.1
Infliximab,rash / itching,3,16,18.8
Infliximab,bleeding,2,16,12.5
Infliximab,fatigue,2,16,12.5
Infliximab,joint / muscle pain,2,16,12.5
Infliximab,dry mouth,1,16,6.2
Infliximab,headache,1,16,6.2
Infliximab,nausea,1,16,6.2
"Influenza virus vaccine, inactivated",diarrhea,1,2,50.0
"Influenza virus vaccine, inactivated",headache,1,2,50.0
"Influenza virus vaccine, inactivated",joint / muscle pain,1,2,50.0
"Influenza virus vaccine, inactivated",nausea,1,2,50.0
"Influenza virus vaccine, inactivated",vomiting,1,2,50.0
"Influenza virus vaccine, live, trivalent",headache,1,3,33.3
Insulin degludec,dizziness,2,7,28.6
Insulin degludec,fatigue,2,7,28.6
Insulin degludec,weight gain,2,7,28.6
Insulin degludec,headache,1,7,14.3
Insulin degludec,nausea,1,7,14.3
Insulin detemir,depression,1,2,50.0
Insulin detemir,diarrhea,1,2,50.0
Insulin glargine,dizziness,1,9,11.1
Insulin glargine,rash / itching,1,9,11.1
Insulin glargine,weight gain,1,9,11.1
Interferon beta-1a,anxiety,1,4,25.0
Intuniv,fatigue,8,22,36.4
Intuniv,drowsiness,3,22,13.6
Intuniv,mood swings,3,22,13.6
Intuniv,dizziness,2,22,9.1
Intuniv,anxiety,1,22,4.5
Intuniv,headache,1,22,4.5
Intuniv,insomnia,1,22,4.5
Intuniv,nausea,1,22,4.5
Intuniv,rash / itching,1,22,4.5
Intuniv,vomiting,1,22,4.5
Invega,weight gain,2,12,16.7
Invega,low libido,1,12,8.3
Invokana,hair loss,5,33,15.2
Invokana,fatigue,4,33,12.1
Invokana,dizziness,3,33,9.1
Invokana,bleeding,2,33,6.1
Invokana,constipation,2,33,6.1
Invokana,cramps,2,33,6.1
Invokana,diarrhea,2,33,6.1
Invokana,joint / muscle pain,2,33,6.1
Invokana,depression,1,33,3.0
Invokana,headache,1,33,3.0
Invokana,nausea,1,33,3.0
Invokana,rash / itching,1,33,3.0
Ionamin,insomnia,1,2,50.0
Irbesartan,dizziness,4,16,25.0
Irbesartan,anxiety,2,16,12.5
Irbesartan,fatigue,2,16,12.5
Irbesartan,nausea,2,16,12.5
Irbesartan,depression,1,16,6.2
Irbesartan,drowsiness,1,16,6.2
Irbesartan,headache,1,16,6.2
Irbesartan,heart palpitations,1,16,6.2
Irbesartan,joint / muscle pain,1,16,6.2
Irbesartan,rash / itching,1,16,6.2
Isoniazid,nausea,2,2,100.0
Isoniazid,cramps,1,2,50.0
Isoniazid,joint / muscle pain,1,2,50.0
Isoniazid,vomiting,1,2,50.0
Isosorbide mononitrate,headache,6,13,46.2
Isosorbide mononitrate,heart palpitations,2,13,15.4
Isosorbide mononitrate,nausea,2,13,15.4
Isosorbide mononitrate,vomiting,2,13,15.4
Isosorbide mononitrate,dizziness,1,13,7.7
Isosorbide mononitrate,dry mouth,1,13,7.7
Isotretinoin,depression,10,41,24.4
Isotretinoin,joint / muscle pain,4,41,9.8
Isotretinoin,mood swings,2,41,4.9
Isotretinoin,anxiety,1,41,2.4
Isotretinoin,drowsiness,1,41,2.4
Isotretinoin,fatigue,1,41,2.4
Isotretinoin,headache,1,41,2.4
Isotretinoin,heart palpitations,1,41,2.4
Isotretinoin,low libido,1,41,2.4
Isotretinoin,nausea,1,41,2.4
Isotretinoin,weight gain,1,41,2.4
Itraconazole,fatigue,2,2,100.0
Itraconazole,rash / itching,1,2,50.0
Ivermectin,acne,4,19,21.1
Ivermectin,rash / itching,3,19,15.8
Jakafi,headache,1,1,100.0
Jakafi,weight gain,1,1,100.0
Jalyn,cramps,1,3,33.3
Janumet,dizziness,3,7,42.9
Janumet,headache,3,7,42.9
Janumet,nausea,2,7,28.6
Januvia,diarrhea,2,11,18.2
Januvia,joint / muscle pain,1,11,9.1
Januvia,nausea,1,11,9.1
Jardiance,rash / itching,1,10,10.0
Jardiance,vomiting,1,10,10.0
Jencycla,acne,1,1,100.0
Jencycla,anxiety,1,1,100.0
Jolessa,bleeding,11,19,57.9
Jolessa,weight gain,7,19,36.8
Jolessa,acne,6,19,31.6
Jolessa,cramps,3,19,15.8
Jolessa,rash / itching,3,19,15.8
Jolessa,headache,2,19,10.5
Jolessa,fatigue,1,19,5.3
Jolessa,low libido,1,19,5.3
Jolessa,mood swings,1,19,5.3
Jolessa,nausea,1,19,5.3
Jolivette,mood swings,7,17,41.2
Jolivette,depression,6,17,35.3
Jolivette,bleeding,5,17,29.4
Jolivette,weight gain,4,17,23.5
Jolivette,cramps,3,17,17.6
Jolivette,acne,2,17,11.8
Jolivette,anxiety,2,17,11.8
Jolivette,hair loss,2,17,11.8
Jolivette,low libido,2,17,11.8
Jolivette,dizziness,1,17,5.9
Jolivette,headache,1,17,5.9
Jolivette,nausea,1,17,5.9
Jublia,rash / itching,2,22,9.1
Jublia,bleeding,1,22,4.5
Junel 1 / 20,cramps,1,1,100.0
Junel 1 / 20,low libido,1,1,100.0
Junel 1.5 / 30,dizziness,1,1,100.0
Junel Fe 1 / 20,mood swings,22,58,37.9
Junel Fe 1 / 20,cramps,18,58,31.0
Junel Fe 1 / 20,depression,16,58,27.6
Junel Fe 1 / 20,anxiety,14,58,24.1
Junel Fe 1 / 20,acne,12,58,20.7
Junel Fe 1 / 20,weight gain,11,58,19.0
Junel Fe 1 / 20,nausea,10,58,17.2
Junel Fe 1 / 20,bleeding,9,58,15.5
Junel Fe 1 / 20,low libido,7,58,12.1
Junel Fe 1 / 20,fatigue,4,58,6.9
Junel Fe 1 / 20,headache,3,58,5.2
Junel Fe 1 / 20,dizziness,1,58,1.7
Junel Fe 1 / 20,vomiting,1,58,1.7
Junel Fe 1.5 / 30,headache,4,12,33.3
Junel Fe 1.5 / 30,fatigue,3,12,25.0
Junel Fe 1.5 / 30,low libido,3,12,25.0
Junel Fe 1.5 / 30,mood swings,3,12,25.0
Junel Fe 1.5 / 30,acne,2,12,16.7
Junel Fe 1.5 / 30,bleeding,2,12,16.7
Junel Fe 1.5 / 30,depression,2,12,16.7
Junel Fe 1.5 / 30,nausea,2,12,16.7
Junel Fe 1.5 / 30,cramps,1,12,8.3
Junel Fe 1.5 / 30,dizziness,1,12,8.3
Junel Fe 1.5 / 30,heart palpitations,1,12,8.3
Junel Fe 1.5 / 30,weight gain,1,12,8.3
Kadian,drowsiness,1,2,50.0
Kadian,vomiting,1,2,50.0
Kapidex,acne,1,3,33.3
Kapidex,insomnia,1,3,33.3
Kapidex,nausea,1,3,33.3
Kapvay,insomnia,2,3,66.7
Kapvay,fatigue,1,3,33.3
Kapvay,mood swings,1,3,33.3
Kariva,acne,8,19,42.1
Kariva,low libido,7,19,36.8
Kariva,weight gain,7,19,36.8
Kariva,bleeding,6,19,31.6
Kariva,mood swings,5,19,26.3
Kariva,depression,4,19,21.1
Kariva,fatigue,4,19,21.1
Kariva,headache,4,19,21.1
Kariva,anxiety,3,19,15.8
Kariva,cramps,3,19,15.8
Kariva,dizziness,2,19,10.5
Kariva,nausea,1,19,5.3
Keflex,dizziness,2,6,33.3
Keflex,anxiety,1,6,16.7
Keflex,fatigue,1,6,16.7
Keflex,headache,1,6,16.7
Keflex,joint / muscle pain,1,6,16.7
Keflex,nausea,1,6,16.7
Kenalog-40,diarrhea,1,1,100.0
Kenalog-40,dizziness,1,1,100.0
Kenalog-40,rash / itching,1,1,100.0
Keppra,mood swings,7,25,28.0
Keppra,depression,5,25,20.0
Keppra,fatigue,5,25,20.0
Keppra,hair loss,3,25,12.0
Keppra,insomnia,3,25,12.0
Keppra,anxiety,2,25,8.0
Keppra,diarrhea,2,25,8.0
Keppra,headache,2,25,8.0
Keppra,weight gain,2,25,8.0
Keppra,constipation,1,25,4.0
Keppra,dizziness,1,25,4.0
Keppra,drowsiness,1,25,4.0
Ketamine,dizziness,2,8,25.0
Ketamine,headache,1,8,12.5
Ketamine,heart palpitations,1,8,12.5
Ketoconazole,anxiety,1,7,14.3
Ketoconazole,depression,1,7,14.3
Ketoconazole,hair loss,1,7,14.3
Ketoconazole,rash / itching,1,7,14.3
Ketorolac,headache,7,31,22.6
Ketorolac,cramps,1,31,3.2
Ketorolac,drowsiness,1,31,3.2
Ketorolac,nausea,1,31,3.2
Ketorolac,rash / itching,1,31,3.2
Ketorolac,vomiting,1,31,3.2
Klonopin,dizziness,2,23,8.7
Klonopin,anxiety,1,23,4.3
Klonopin,drowsiness,1,23,4.3
Klonopin,fatigue,1,23,4.3
Klonopin,headache,1,23,4.3
Klonopin,heart palpitations,1,23,4.3
Klonopin,insomnia,1,23,4.3
Klonopin,nausea,1,23,4.3
Klor-Con,cramps,1,1,100.0
Klor-Con,diarrhea,1,1,100.0
Kybella,headache,1,1,100.0
Kyleena,cramps,10,14,71.4
Kyleena,bleeding,6,14,42.9
Kyleena,nausea,5,14,35.7
Kyleena,headache,2,14,14.3
Kyleena,acne,1,14,7.1
Kyleena,constipation,1,14,7.1
Kyleena,dizziness,1,14,7.1
Kyleena,mood swings,1,14,7.1
Kyleena,vomiting,1,14,7.1
Kyleena,weight gain,1,14,7.1
L-methylfolate,insomnia,1,4,25.0
L-methylfolate,joint / muscle pain,1,4,25.0
Lacosamide,depression,2,6,33.3
Lacosamide,anxiety,1,6,16.7
Lacosamide,dizziness,1,6,16.7
Lacosamide,fatigue,1,6,16.7
Lacosamide,headache,1,6,16.7
Lacosamide,mood swings,1,6,16.7
Lacosamide,nausea,1,6,16.7
Lacosamide,rash / itching,1,6,16.7
Lactaid,cramps,1,1,100.0
Lactaid,diarrhea,1,1,100.0
Lactaid,vomiting,1,1,100.0
Lactase,nausea,4,7,57.1
Lactase,diarrhea,2,7,28.6
Lactase,vomiting,2,7,28.6
Lactase,constipation,1,7,14.3
Lactase,cramps,1,7,14.3
Lactase,dizziness,1,7,14.3
Lactobacillus acidophilus,cramps,1,2,50.0
Lamictal,rash / itching,6,21,28.6
Lamictal,acne,2,21,9.5
Lamictal,dizziness,2,21,9.5
Lamictal,headache,2,21,9.5
Lamictal,insomnia,2,21,9.5
Lamictal,nausea,2,21,9.5
Lamictal,drowsiness,1,21,4.8
Lamisil,depression,1,6,16.7
Lamisil,fatigue,1,6,16.7
Lamisil,headache,1,6,16.7
Lamisil,rash / itching,1,6,16.7
Lamivudine / zidovudine,dizziness,1,1,100.0
Lamivudine / zidovudine,fatigue,1,1,100.0
Lamivudine / zidovudine,joint / muscle pain,1,1,100.0
Lamivudine / zidovudine,nausea,1,1,100.0
Lamotrigine,rash / itching,13,73,17.8
Lamotrigine,headache,8,73,11.0
Lamotrigine,insomnia,5,73,6.8
Lamotrigine,acne,4,73,5.5
Lamotrigine,fatigue,4,73,5.5
Lamotrigine,depression,3,73,4.1
Lamotrigine,dry mouth,3,73,4.1
Lamotrigine,nausea,3,73,4.1
Lamotrigine,weight gain,3,73,4.1
Lamotrigine,diarrhea,2,73,2.7
Lamotrigine,dizziness,2,73,2.7
Lamotrigine,anxiety,1,73,1.4
Lamotrigine,bleeding,1,73,1.4
Lamotrigine,constipation,1,73,1.4
Lamotrigine,cramps,1,73,1.4
Lamotrigine,drowsiness,1,73,1.4
Lamotrigine,hair loss,1,73,1.4
Lamotrigine,joint / muscle pain,1,73,1.4
Lamotrigine,low libido,1,73,1.4
Lamotrigine,mood swings,1,73,1.4
Lamotrigine,vomiting,1,73,1.4
Lansoprazole,diarrhea,1,4,25.0
Lansoprazole,headache,1,4,25.0
Lansoprazole,nausea,1,4,25.0
Lansoprazole,vomiting,1,4,25.0
Lansoprazole,weight gain,1,4,25.0
Lantus,weight gain,1,2,50.0
Larin Fe 1 / 20,acne,2,3,66.7
Larin Fe 1 / 20,depression,2,3,66.7
Larin Fe 1 / 20,fatigue,1,3,33.3
Larin Fe 1 / 20,nausea,1,3,33.3
Larin Fe 1 / 20,vomiting,1,3,33.3
Larin Fe 1.5 / 30,anxiety,1,1,100.0
Lasix,rash / itching,1,3,33.3
Lastacaft,bleeding,1,6,16.7
Lastacaft,rash / itching,1,6,16.7
Latanoprost,joint / muscle pain,3,4,75.0
Latanoprost,fatigue,1,4,25.0
Latuda,insomnia,8,70,11.4
Latuda,fatigue,4,70,5.7
Latuda,nausea,4,70,5.7
Latuda,drowsiness,3,70,4.3
Latuda,headache,3,70,4.3
Latuda,weight gain,3,70,4.3
Latuda,joint / muscle pain,2,70,2.9
Latuda,vomiting,2,70,2.9
Latuda,constipation,1,70,1.4
Latuda,dizziness,1,70,1.4
Ledipasvir / sofosbuvir,depression,1,9,11.1
Ledipasvir / sofosbuvir,fatigue,1,9,11.1
Ledipasvir / sofosbuvir,headache,1,9,11.1
Ledipasvir / sofosbuvir,heart palpitations,1,9,11.1
Ledipasvir / sofosbuvir,insomnia,1,9,11.1
Ledipasvir / sofosbuvir,joint / muscle pain,1,9,11.1
Leflunomide,hair loss,3,9,33.3
Leflunomide,headache,2,9,22.2
Leflunomide,vomiting,2,9,22.2
Leflunomide,depression,1,9,11.1
Leflunomide,dizziness,1,9,11.1
Leflunomide,nausea,1,9,11.1
Leflunomide,rash / itching,1,9,11.1
Lessina,acne,1,2,50.0
Lessina,depression,1,2,50.0
Letrozole,joint / muscle pain,8,22,36.4
Letrozole,fatigue,7,22,31.8
Letrozole,weight gain,5,22,22.7
Letrozole,hair loss,3,22,13.6
Letrozole,insomnia,3,22,13.6
Letrozole,nausea,3,22,13.6
Letrozole,cramps,2,22,9.1
Letrozole,depression,2,22,9.1
Letrozole,low libido,2,22,9.1
Letrozole,diarrhea,1,22,4.5
Letrozole,dizziness,1,22,4.5
Letrozole,dry mouth,1,22,4.5
Letrozole,headache,1,22,4.5
Letrozole,heart palpitations,1,22,4.5
Leuprolide,depression,8,31,25.8
Leuprolide,mood swings,6,31,19.4
Leuprolide,anxiety,5,31,16.1
Leuprolide,headache,5,31,16.1
Leuprolide,joint / muscle pain,5,31,16.1
Leuprolide,weight gain,4,31,12.9
Leuprolide,fatigue,3,31,9.7
Leuprolide,bleeding,2,31,6.5
Leuprolide,insomnia,2,31,6.5
Leuprolide,constipation,1,31,3.2
Leuprolide,cramps,1,31,3.2
Leuprolide,dizziness,1,31,3.2
Leuprolide,low libido,1,31,3.2
Leuprolide,nausea,1,31,3.2
Leuprolide,vomiting,1,31,3.2
Levaquin,anxiety,6,58,10.3
Levaquin,nausea,6,58,10.3
Levaquin,dizziness,5,58,8.6
Levaquin,insomnia,4,58,6.9
Levaquin,joint / muscle pain,4,58,6.9
Levaquin,vomiting,4,58,6.9
Levaquin,depression,3,58,5.2
Levaquin,fatigue,3,58,5.2
Levaquin,headache,3,58,5.2
Levaquin,rash / itching,3,58,5.2
Levaquin,cramps,2,58,3.4
Levaquin,heart palpitations,2,58,3.4
Levaquin,acne,1,58,1.7
Levaquin,bleeding,1,58,1.7
Levaquin,dry mouth,1,58,1.7
Levemir,fatigue,1,2,50.0
Levemir,joint / muscle pain,1,2,50.0
Levetiracetam,depression,14,40,35.0
Levetiracetam,mood swings,12,40,30.0
Levetiracetam,anxiety,7,40,17.5
Levetiracetam,dizziness,5,40,12.5
Levetiracetam,fatigue,5,40,12.5
Levetiracetam,drowsiness,3,40,7.5
Levetiracetam,diarrhea,1,40,2.5
Levetiracetam,hair loss,1,40,2.5
Levetiracetam,headache,1,40,2.5
Levetiracetam,insomnia,1,40,2.5
Levetiracetam,rash / itching,1,40,2.5
Levitra,headache,2,6,33.3
Levlen,low libido,2,4,50.0
Levlen,weight gain,2,4,50.0
Levlen,acne,1,4,25.0
Levlen,anxiety,1,4,25.0
Levlen,depression,1,4,25.0
Levlen,mood swings,1,4,25.0
Levlen,nausea,1,4,25.0
Levocetirizine,fatigue,5,21,23.8
Levocetirizine,rash / itching,3,21,14.3
Levocetirizine,dizziness,2,21,9.5
Levocetirizine,drowsiness,2,21,9.5
Levocetirizine,joint / muscle pain,2,21,9.5
Levocetirizine,anxiety,1,21,4.8
Levocetirizine,dry mouth,1,21,4.8
Levocetirizine,headache,1,21,4.8
Levocetirizine,mood swings,1,21,4.8
Levocetirizine,nausea,1,21,4.8
Levocetirizine,vomiting,1,21,4.8
Levofloxacin,headache,20,133,15.0
Levofloxacin,insomnia,16,133,12.0
Levofloxacin,dizziness,15,133,11.3
Levofloxacin,joint / muscle pain,15,133,11.3
Levofloxacin,fatigue,14,133,10.5
Levofloxacin,nausea,13,133,9.8
Levofloxacin,anxiety,11,133,8.3
Levofloxacin,cramps,6,133,4.5
Levofloxacin,rash / itching,6,133,4.5
Levofloxacin,heart palpitations,5,133,3.8
Levofloxacin,depression,4,133,3.0
Levofloxacin,dry mouth,3,133,2.3
Levofloxacin,vomiting,3,133,2.3
Levofloxacin,diarrhea,2,133,1.5
Levofloxacin,bleeding,1,133,0.8
Levofloxacin,drowsiness,1,133,0.8
Levofloxacin,hair loss,1,133,0.8
Levomilnacipran,nausea,7,36,19.4
Levomilnacipran,dizziness,5,36,13.9
Levomilnacipran,constipation,4,36,11.1
Levomilnacipran,dry mouth,4,36,11.1
Levomilnacipran,headache,4,36,11.1
Levomilnacipran,vomiting,3,36,8.3
Levomilnacipran,cramps,2,36,5.6
Levomilnacipran,insomnia,2,36,5.6
Levomilnacipran,rash / itching,2,36,5.6
Levomilnacipran,weight gain,2,36,5.6
Levomilnacipran,diarrhea,1,36,2.8
Levomilnacipran,fatigue,1,36,2.8
Levomilnacipran,heart palpitations,1,36,2.8
Levomilnacipran,joint / muscle pain,1,36,2.8
Levonorgestrel,cramps,199,515,38.6
Levonorgestrel,bleeding,140,515,27.2
Levonorgestrel,weight gain,91,515,17.7
Levonorgestrel,acne,75,515,14.6
Levonorgestrel,mood swings,65,515,12.6
Levonorgestrel,depression,58,515,11.3
Levonorgestrel,fatigue,51,515,9.9
Levonorgestrel,low libido,44,515,8.5
Levonorgestrel,headache,43,515,8.3
Levonorgestrel,anxiety,31,515,6.0
Levonorgestrel,nausea,28,515,5.4
Levonorgestrel,dizziness,27,515,5.2
Levonorgestrel,hair loss,18,515,3.5
Levonorgestrel,vomiting,14,515,2.7
Levonorgestrel,rash / itching,13,515,2.5
Levonorgestrel,insomnia,6,515,1.2
Levonorgestrel,constipation,5,515,1.0
Levonorgestrel,diarrhea,4,515,0.8
Levonorgestrel,joint / muscle pain,3,515,0.6
Levonorgestrel,heart palpitations,2,515,0.4
Levonorgestrel,drowsiness,1,515,0.2
Levora,acne,9,25,36.0
Levora,depression,7,25,28.0
Levora,mood swings,7,25,28.0
Levora,weight gain,7,25,28.0
Levora,anxiety,6,25,24.0
Levora,low libido,6,25,24.0
Levora,bleeding,5,25,20.0
Levora,cramps,5,25,20.0
Levora,nausea,3,25,12.0
Levora,fatigue,2,25,8.0
Levora,headache,2,25,8.0
Levora,vomiting,2,25,8.0
Levora,diarrhea,1,25,4.0
Levora,hair loss,1,25,4.0
Levorphanol,insomnia,1,1,100.0
Levothroid,nausea,1,1,100.0
Levothyroxine,fatigue,24,80,30.0
Levothyroxine,weight gain,14,80,17.5
Levothyroxine,insomnia,11,80,13.8
Levothyroxine,depression,10,80,12.5
Levothyroxine,headache,8,80,10.0
Levothyroxine,joint / muscle pain,8,80,10.0
Levothyroxine,heart palpitations,7,80,8.8
Levothyroxine,anxiety,6,80,7.5
Levothyroxine,hair loss,6,80,7.5
Levothyroxine,mood swings,6,80,7.5
Levothyroxine,rash / itching,5,80,6.2
Levothyroxine,cramps,3,80,3.8
Levothyroxine,dizziness,3,80,3.8
Levothyroxine,nausea,3,80,3.8
Levothyroxine,constipation,2,80,2.5
Levothyroxine,diarrhea,2,80,2.5
Levothyroxine,acne,1,80,1.2
Levothyroxine,bleeding,1,80,1.2
Levothyroxine,dry mouth,1,80,1.2
Levoxyl,fatigue,1,2,50.0
Levoxyl,hair loss,1,2,50.0
Levoxyl,headache,1,2,50.0
Levsin,dizziness,1,2,50.0
Levsin,headache,1,2,50.0
Levsin,nausea,1,2,50.0
Lexapro,fatigue,11,96,11.5
Lexapro,weight gain,10,96,10.4
Lexapro,dizziness,9,96,9.4
Lexapro,headache,9,96,9.4
Lexapro,insomnia,8,96,8.3
Lexapro,nausea,8,96,8.3
Lexapro,drowsiness,5,96,5.2
Lexapro,diarrhea,4,96,4.2
Lexapro,heart palpitations,4,96,4.2
Lexapro,low libido,3,96,3.1
Lexapro,vomiting,3,96,3.1
Lexapro,dry mouth,1,96,1.0
Lexapro,rash / itching,1,96,1.0
Lexiscan,rash / itching,2,2,100.0
Lialda,diarrhea,2,8,25.0
Lialda,cramps,1,8,12.5
Lialda,dizziness,1,8,12.5
Lialda,headache,1,8,12.5
Lialda,vomiting,1,8,12.5
Lidocaine,headache,1,54,1.9
Lidocaine,rash / itching,1,54,1.9
Lidoderm,depression,1,10,10.0
Lifitegrast,rash / itching,4,22,18.2
Lifitegrast,dizziness,1,22,4.5
Lifitegrast,headache,1,22,4.5
Liletta,bleeding,30,47,63.8
Liletta,cramps,21,47,44.7
Liletta,acne,10,47,21.3
Liletta,weight gain,8,47,17.0
Liletta,headache,6,47,12.8
Liletta,depression,5,47,10.6
Liletta,mood swings,5,47,10.6
Liletta,anxiety,3,47,6.4
Liletta,dizziness,2,47,4.3
Liletta,low libido,2,47,4.3
Liletta,nausea,2,47,4.3
Liletta,diarrhea,1,47,2.1
Liletta,fatigue,1,47,2.1
Liletta,hair loss,1,47,2.1
Liletta,rash / itching,1,47,2.1
Limbrel,nausea,1,1,100.0
Limbrel,vomiting,1,1,100.0
Linaclotide,cramps,13,51,25.5
Linaclotide,diarrhea,5,51,9.8
Linaclotide,nausea,5,51,9.8
Linaclotide,weight gain,5,51,9.8
Linaclotide,anxiety,2,51,3.9
Linaclotide,fatigue,2,51,3.9
Linaclotide,dizziness,1,51,2.0
Linaclotide,hair loss,1,51,2.0
Linaclotide,headache,1,51,2.0
Linaclotide,rash / itching,1,51,2.0
Linagliptin,acne,1,6,16.7
Linagliptin,insomnia,1,6,16.7
Linagliptin,joint / muscle pain,1,6,16.7
Linagliptin,rash / itching,1,6,16.7
Linzess,diarrhea,11,45,24.4
Linzess,weight gain,7,45,15.6
Linzess,cramps,6,45,13.3
Linzess,headache,3,45,6.7
Linzess,dizziness,2,45,4.4
Linzess,fatigue,2,45,4.4
Linzess,mood swings,2,45,4.4
Linzess,nausea,2,45,4.4
Linzess,acne,1,45,2.2
Linzess,anxiety,1,45,2.2
Linzess,bleeding,1,45,2.2
Linzess,rash / itching,1,45,2.2
Linzess,vomiting,1,45,2.2
Lioresal,headache,1,2,50.0
Liothyronine,anxiety,1,4,25.0
Liothyronine,hair loss,1,4,25.0
Liothyronine,headache,1,4,25.0
Liothyronine,insomnia,1,4,25.0
Liothyronine,rash / itching,1,4,25.0
Lipitor,cramps,2,7,28.6
Lipitor,joint / muscle pain,2,7,28.6
Liraglutide,nausea,25,75,33.3
Liraglutide,vomiting,17,75,22.7
Liraglutide,headache,12,75,16.0
Liraglutide,diarrhea,10,75,13.3
Liraglutide,fatigue,10,75,13.3
Liraglutide,constipation,4,75,5.3
Liraglutide,dizziness,4,75,5.3
Liraglutide,depression,3,75,4.0
Liraglutide,insomnia,3,75,4.0
Liraglutide,cramps,2,75,2.7
Liraglutide,dry mouth,2,75,2.7
Liraglutide,joint / muscle pain,2,75,2.7
Liraglutide,rash / itching,2,75,2.7
Liraglutide,drowsiness,1,75,1.3
Lisdexamfetamine,anxiety,13,51,25.5
Lisdexamfetamine,depression,11,51,21.6
Lisdexamfetamine,mood swings,4,51,7.8
Lisdexamfetamine,nausea,4,51,7.8
Lisdexamfetamine,fatigue,3,51,5.9
Lisdexamfetamine,headache,3,51,5.9
Lisdexamfetamine,dizziness,2,51,3.9
Lisdexamfetamine,joint / muscle pain,2,51,3.9
Lisdexamfetamine,rash / itching,2,51,3.9
Lisdexamfetamine,acne,1,51,2.0
Lisdexamfetamine,diarrhea,1,51,2.0
Lisdexamfetamine,dry mouth,1,51,2.0
Lisdexamfetamine,insomnia,1,51,2.0
Lisdexamfetamine,weight gain,1,51,2.0
Lisinopril,headache,28,166,16.9
Lisinopril,dizziness,26,166,15.7
Lisinopril,rash / itching,19,166,11.4
Lisinopril,fatigue,18,166,10.8
Lisinopril,cramps,13,166,7.8
Lisinopril,nausea,10,166,6.0
Lisinopril,vomiting,8,166,4.8
Lisinopril,anxiety,7,166,4.2
Lisinopril,diarrhea,5,166,3.0
Lisinopril,hair loss,5,166,3.0
Lisinopril,insomnia,5,166,3.0
Lisinopril,weight gain,5,166,3.0
Lisinopril,dry mouth,4,166,2.4
Lisinopril,joint / muscle pain,4,166,2.4
Lisinopril,constipation,3,166,1.8
Lisinopril,depression,2,166,1.2
Lisinopril,drowsiness,2,166,1.2
Lisinopril,heart palpitations,2,166,1.2
Lisinopril,low libido,2,166,1.2
Lisinopril,mood swings,2,166,1.2
Lisinopril,acne,1,166,0.6
Lithium,fatigue,5,40,12.5
Lithium,nausea,3,40,7.5
Lithium,diarrhea,2,40,5.0
Lithium,weight gain,2,40,5.0
Lithium,acne,1,40,2.5
Lithium,depression,1,40,2.5
Lithium,dizziness,1,40,2.5
Lithium,drowsiness,1,40,2.5
Lithium,headache,1,40,2.5
Lithium,vomiting,1,40,2.5
Lithobid,vomiting,1,2,50.0
Livalo,depression,1,8,12.5
Livalo,diarrhea,1,8,12.5
Livalo,fatigue,1,8,12.5
Livalo,headache,1,8,12.5
Livalo,joint / muscle pain,1,8,12.5
Livalo,rash / itching,1,8,12.5
Lo / Ovral,weight gain,2,5,40.0
Lo / Ovral,acne,1,5,20.0
Lo / Ovral,anxiety,1,5,20.0
Lo / Ovral,cramps,1,5,20.0
Lo / Ovral,headache,1,5,20.0
Lo / Ovral,mood swings,1,5,20.0
Lo / Ovral,nausea,1,5,20.0
Lo / Ovral,rash / itching,1,5,20.0
Lo / Ovral-28,cramps,1,2,50.0
Lo / Ovral-28,depression,1,2,50.0
Lo / Ovral-28,headache,1,2,50.0
Lo Loestrin Fe,bleeding,57,161,35.4
Lo Loestrin Fe,mood swings,52,161,32.3
Lo Loestrin Fe,acne,51,161,31.7
Lo Loestrin Fe,depression,40,161,24.8
Lo Loestrin Fe,weight gain,38,161,23.6
Lo Loestrin Fe,cramps,37,161,23.0
Lo Loestrin Fe,low libido,33,161,20.5
Lo Loestrin Fe,nausea,23,161,14.3
Lo Loestrin Fe,anxiety,19,161,11.8
Lo Loestrin Fe,fatigue,17,161,10.6
Lo Loestrin Fe,headache,15,161,9.3
Lo Loestrin Fe,vomiting,6,161,3.7
Lo Loestrin Fe,dizziness,5,161,3.1
Lo Loestrin Fe,hair loss,5,161,3.1
Lo Loestrin Fe,rash / itching,5,161,3.1
Lo Loestrin Fe,constipation,2,161,1.2
Lo Loestrin Fe,diarrhea,2,161,1.2
Lo Loestrin Fe,heart palpitations,1,161,0.6
LoSeasonique,bleeding,16,19,84.2
LoSeasonique,cramps,7,19,36.8
LoSeasonique,acne,5,19,26.3
LoSeasonique,fatigue,2,19,10.5
LoSeasonique,hair loss,2,19,10.5
LoSeasonique,mood swings,2,19,10.5
LoSeasonique,weight gain,2,19,10.5
LoSeasonique,headache,1,19,5.3
Loestrin 21 1 / 20,acne,2,2,100.0
Loestrin 21 1 / 20,bleeding,1,2,50.0
Loestrin 21 1 / 20,mood swings,1,2,50.0
Loestrin 21 1.5 / 30,cramps,1,1,100.0
Loestrin 21 1.5 / 30,depression,1,1,100.0
Loestrin 21 1.5 / 30,low libido,1,1,100.0
Loestrin 24 Fe,mood swings,29,105,27.6
Loestrin 24 Fe,bleeding,26,105,24.8
Loestrin 24 Fe,cramps,25,105,23.8
Loestrin 24 Fe,weight gain,21,105,20.0
Loestrin 24 Fe,depression,20,105,19.0
Loestrin 24 Fe,acne,18,105,17.1
Loestrin 24 Fe,anxiety,16,105,15.2
Loestrin 24 Fe,headache,16,105,15.2
Loestrin 24 Fe,nausea,14,105,13.3
Loestrin 24 Fe,low libido,11,105,10.5
Loestrin 24 Fe,fatigue,9,105,8.6
Loestrin 24 Fe,insomnia,5,105,4.8
Loestrin 24 Fe,dizziness,4,105,3.8
Loestrin 24 Fe,diarrhea,2,105,1.9
Loestrin 24 Fe,hair loss,2,105,1.9
Loestrin 24 Fe,rash / itching,1,105,1.0
Loestrin Fe 1 / 20,headache,1,1,100.0
Lomotil,anxiety,1,2,50.0
Lomotil,constipation,1,2,50.0
Lomotil,nausea,1,2,50.0
Lomotil,vomiting,1,2,50.0
Loratadine,insomnia,3,13,23.1
Loratadine,anxiety,2,13,15.4
Loratadine,depression,2,13,15.4
Loratadine,rash / itching,2,13,15.4
Loratadine,acne,1,13,7.7
Loratadine,dizziness,1,13,7.7
Loratadine / pseudoephedrine,insomnia,3,10,30.0
Loratadine / pseudoephedrine,rash / itching,2,10,20.0
Loratadine / pseudoephedrine,anxiety,1,10,10.0
Loratadine / pseudoephedrine,constipation,1,10,10.0
Loratadine / pseudoephedrine,dry mouth,1,10,10.0
Loratadine / pseudoephedrine,fatigue,1,10,10.0
Loratadine / pseudoephedrine,headache,1,10,10.0
Lorazepam,drowsiness,4,40,10.0
Lorazepam,anxiety,2,40,5.0
Lorazepam,dizziness,2,40,5.0
Lorazepam,fatigue,2,40,5.0
Lorazepam,headache,2,40,5.0
Lorazepam,depression,1,40,2.5
Lorazepam,insomnia,1,40,2.5
Lorazepam,nausea,1,40,2.5
Lorcaserin,headache,25,60,41.7
Lorcaserin,fatigue,12,60,20.0
Lorcaserin,dizziness,8,60,13.3
Lorcaserin,nausea,4,60,6.7
Lorcaserin,depression,3,60,5.0
Lorcaserin,joint / muscle pain,3,60,5.0
Lorcaserin,vomiting,2,60,3.3
Lorcaserin,anxiety,1,60,1.7
Lorcaserin,cramps,1,60,1.7
Lorcaserin,diarrhea,1,60,1.7
Lorcaserin,dry mouth,1,60,1.7
Lorcaserin,heart palpitations,1,60,1.7
Lorcaserin,insomnia,1,60,1.7
Lorcaserin,rash / itching,1,60,1.7
Lorcet 10 / 650,rash / itching,1,1,100.0
Lortab,nausea,1,5,20.0
Loryna,anxiety,5,13,38.5
Loryna,mood swings,4,13,30.8
Loryna,acne,2,13,15.4
Loryna,depression,2,13,15.4
Loryna,fatigue,2,13,15.4
Loryna,low libido,2,13,15.4
Loryna,nausea,2,13,15.4
Loryna,bleeding,1,13,7.7
Loryna,dizziness,1,13,7.7
Loryna,weight gain,1,13,7.7
Losartan,dizziness,15,79,19.0
Losartan,fatigue,11,79,13.9
Losartan,anxiety,6,79,7.6
Losartan,headache,6,79,7.6
Losartan,weight gain,6,79,7.6
Losartan,insomnia,5,79,6.3
Losartan,joint / muscle pain,5,79,6.3
Losartan,nausea,5,79,6.3
Losartan,depression,4,79,5.1
Losartan,rash / itching,3,79,3.8
Losartan,vomiting,3,79,3.8
Losartan,constipation,2,79,2.5
Losartan,cramps,2,79,2.5
Losartan,diarrhea,2,79,2.5
Losartan,hair loss,2,79,2.5
Losartan,heart palpitations,2,79,2.5
Losartan,bleeding,1,79,1.3
Losartan,drowsiness,1,79,1.3
Losartan,low libido,1,79,1.3
Lotensin,rash / itching,1,2,50.0
Loteprednol,anxiety,1,2,50.0
Lovastatin,cramps,1,5,20.0
Lovastatin,joint / muscle pain,1,5,20.0
Loxapine,acne,1,2,50.0
Loxapine,constipation,1,2,50.0
Loxapine,drowsiness,1,2,50.0
Loxapine,headache,1,2,50.0
Loxapine,weight gain,1,2,50.0
Lubiprostone,nausea,6,25,24.0
Lubiprostone,headache,4,25,16.0
Lubiprostone,diarrhea,3,25,12.0
Lubiprostone,constipation,1,25,4.0
Lubiprostone,cramps,1,25,4.0
Lubiprostone,mood swings,1,25,4.0
Lubiprostone,rash / itching,1,25,4.0
Lubiprostone,vomiting,1,25,4.0
Lunesta,depression,3,24,12.5
Lunesta,anxiety,2,24,8.3
Lunesta,drowsiness,2,24,8.3
Lunesta,fatigue,2,24,8.3
Lunesta,constipation,1,24,4.2
Lunesta,headache,1,24,4.2
Lunesta,nausea,1,24,4.2
Lunesta,rash / itching,1,24,4.2
Lupron,joint / muscle pain,5,12,41.7
Lupron,depression,4,12,33.3
Lupron,anxiety,2,12,16.7
Lupron,bleeding,2,12,16.7
Lupron,headache,2,12,16.7
Lupron,hair loss,1,12,8.3
Lupron,low libido,1,12,8.3
Lupron,rash / itching,1,12,8.3
Lupron,weight gain,1,12,8.3
Lupron Depot,weight gain,5,18,27.8
Lupron Depot,headache,4,18,22.2
Lupron Depot,mood swings,4,18,22.2
Lupron Depot,depression,3,18,16.7
Lupron Depot,nausea,3,18,16.7
Lupron Depot,bleeding,2,18,11.1
Lupron Depot,cramps,2,18,11.1
Lupron Depot,hair loss,2,18,11.1
Lupron Depot,insomnia,2,18,11.1
Lupron Depot,vomiting,2,18,11.1
Lupron Depot,anxiety,1,18,5.6
Lupron Depot,low libido,1,18,5.6
Lupron Depot-PED,weight gain,2,4,50.0
Lupron Depot-PED,acne,1,4,25.0
Lurasidone,weight gain,9,53,17.0
Lurasidone,fatigue,8,53,15.1
Lurasidone,nausea,8,53,15.1
Lurasidone,insomnia,5,53,9.4
Lurasidone,vomiting,4,53,7.5
Lurasidone,acne,1,53,1.9
Lurasidone,constipation,1,53,1.9
Lurasidone,cramps,1,53,1.9
Lurasidone,dizziness,1,53,1.9
Lurasidone,drowsiness,1,53,1.9
Lurasidone,headache,1,53,1.9
Lurasidone,heart palpitations,1,53,1.9
Lutera,mood swings,16,38,42.1
Lutera,acne,11,38,28.9
Lutera,bleeding,9,38,23.7
Lutera,headache,8,38,21.1
Lutera,nausea,8,38,21.1
Lutera,weight gain,8,38,21.1
Lutera,cramps,5,38,13.2
Lutera,depression,5,38,13.2
Lutera,low libido,5,38,13.2
Lutera,fatigue,4,38,10.5
Lutera,anxiety,3,38,7.9
Lutera,dizziness,2,38,5.3
Lutera,constipation,1,38,2.6
Lutera,hair loss,1,38,2.6
Lutera,heart palpitations,1,38,2.6
Lutera,joint / muscle pain,1,38,2.6
Luvox,nausea,3,8,37.5
Luvox,fatigue,2,8,25.0
Luvox,diarrhea,1,8,12.5
Luvox,drowsiness,1,8,12.5
Luvox,dry mouth,1,8,12.5
Luvox,headache,1,8,12.5
Luvox,insomnia,1,8,12.5
Luvox,weight gain,1,8,12.5
Lybrel,cramps,1,1,100.0
Lybrel,mood swings,1,1,100.0
Lybrel,weight gain,1,1,100.0
Lyrica,weight gain,20,83,24.1
Lyrica,dizziness,9,83,10.8
Lyrica,depression,8,83,9.6
Lyrica,nausea,7,83,8.4
Lyrica,headache,6,83,7.2
Lyrica,fatigue,5,83,6.0
Lyrica,anxiety,4,83,4.8
Lyrica,drowsiness,3,83,3.6
Lyrica,rash / itching,3,83,3.6
Lyrica,cramps,2,83,2.4
Lyrica,insomnia,2,83,2.4
Lyrica,joint / muscle pain,1,83,1.2
Lyrica,low libido,1,83,1.2
Lyrica,vomiting,1,83,1.2
Lysteda,bleeding,1,3,33.3
Lysteda,cramps,1,3,33.3
Lysteda,dizziness,1,3,33.3
Lysteda,headache,1,3,33.3
Lyza,bleeding,6,14,42.9
Lyza,cramps,5,14,35.7
Lyza,weight gain,5,14,35.7
Lyza,depression,3,14,21.4
Lyza,low libido,2,14,14.3
Lyza,mood swings,2,14,14.3
Lyza,acne,1,14,7.1
Lyza,headache,1,14,7.1
MCT,diarrhea,1,1,100.0
MCT,fatigue,1,1,100.0
MS Contin,bleeding,1,3,33.3
MS Contin,depression,1,3,33.3
MS Contin,fatigue,1,3,33.3
Macrobid,headache,23,79,29.1
Macrobid,nausea,21,79,26.6
Macrobid,fatigue,20,79,25.3
Macrobid,dizziness,10,79,12.7
Macrobid,joint / muscle pain,10,79,12.7
Macrobid,diarrhea,7,79,8.9
Macrobid,vomiting,6,79,7.6
Macrobid,rash / itching,5,79,6.3
Macrobid,anxiety,3,79,3.8
Macrobid,cramps,3,79,3.8
Macrobid,drowsiness,3,79,3.8
Macrobid,heart palpitations,3,79,3.8
Macrobid,mood swings,3,79,3.8
Macrodantin,diarrhea,2,2,100.0
Magnesium citrate,cramps,2,10,20.0
Magnesium citrate,diarrhea,2,10,20.0
Magnesium citrate,fatigue,1,10,10.0
Magnesium citrate,nausea,1,10,10.0
Magnesium hydroxide,diarrhea,2,5,40.0
Magnesium hydroxide,cramps,1,5,20.0
Magnesium hydroxide,headache,1,5,20.0
Magnesium hydroxide,vomiting,1,5,20.0
Magnesium oxide,cramps,2,2,100.0
Magnesium oxide,diarrhea,1,2,50.0
Magnesium oxide,nausea,1,2,50.0
Magnesium oxide,vomiting,1,2,50.0
Magnesium sulfate,nausea,1,1,100.0
Magnesium sulfate / potassium sulfate / sodium sulfate,vomiting,26,77,33.8
Magnesium sulfate / potassium sulfate / sodium sulfate,nausea,17,77,22.1
Magnesium sulfate / potassium sulfate / sodium sulfate,cramps,12,77,15.6
Magnesium sulfate / potassium sulfate / sodium sulfate,headache,7,77,9.1
Magnesium sulfate / potassium sulfate / sodium sulfate,dizziness,2,77,2.6
Magnesium sulfate / potassium sulfate / sodium sulfate,anxiety,1,77,1.3
Malarone,cramps,1,5,20.0
Malarone,dizziness,1,5,20.0
Malarone,headache,1,5,20.0
Malarone,insomnia,1,5,20.0
Malarone,nausea,1,5,20.0
Malarone,rash / itching,1,5,20.0
Marinol,nausea,1,2,50.0
Marlissa,acne,2,3,66.7
Marlissa,cramps,1,3,33.3
Marlissa,weight gain,1,3,33.3
Maxalt,dizziness,2,4,50.0
Maxalt,heart palpitations,1,4,25.0
Maxalt-MLT,nausea,1,2,50.0
Maxalt-MLT,vomiting,1,2,50.0
Meclizine,dizziness,7,18,38.9
Meclizine,drowsiness,3,18,16.7
Meclizine,nausea,3,18,16.7
Meclizine,rash / itching,2,18,11.1
Meclizine,vomiting,2,18,11.1
Meclizine,diarrhea,1,18,5.6
Meclizine,headache,1,18,5.6
Meclizine,mood swings,1,18,5.6
Medrol,depression,1,1,100.0
Medrol Dosepak,acne,1,2,50.0
Medrol Dosepak,heart palpitations,1,2,50.0
Medrol Dosepak,insomnia,1,2,50.0
Medroxyprogesterone,bleeding,71,351,20.2
Medroxyprogesterone,weight gain,71,351,20.2
Medroxyprogesterone,cramps,69,351,19.7
Medroxyprogesterone,mood swings,67,351,19.1
Medroxyprogesterone,depression,58,351,16.5
Medroxyprogesterone,low libido,46,351,13.1
Medroxyprogesterone,fatigue,42,351,12.0
Medroxyprogesterone,acne,39,351,11.1
Medroxyprogesterone,headache,27,351,7.7
Medroxyprogesterone,anxiety,25,351,7.1
Medroxyprogesterone,nausea,19,351,5.4
Medroxyprogesterone,dizziness,14,351,4.0
Medroxyprogesterone,hair loss,6,351,1.7
Medroxyprogesterone,joint / muscle pain,6,351,1.7
Medroxyprogesterone,insomnia,5,351,1.4
Medroxyprogesterone,vomiting,5,351,1.4
Medroxyprogesterone,rash / itching,3,351,0.9
Medroxyprogesterone,constipation,2,351,0.6
Medroxyprogesterone,drowsiness,2,351,0.6
Medroxyprogesterone,heart palpitations,2,351,0.6
Mefenamic acid,cramps,5,13,38.5
Mefenamic acid,bleeding,1,13,7.7
Mefenamic acid,nausea,1,13,7.7
Mefloquine,depression,2,5,40.0
Mefloquine,anxiety,1,5,20.0
Mefloquine,headache,1,5,20.0
Mefloquine,insomnia,1,5,20.0
Mefloquine,rash / itching,1,5,20.0
Megestrol,mood swings,3,8,37.5
Megestrol,weight gain,3,8,37.5
Megestrol,insomnia,2,8,25.0
Megestrol,bleeding,1,8,12.5
Megestrol,fatigue,1,8,12.5
Megestrol,joint / muscle pain,1,8,12.5
Megestrol,rash / itching,1,8,12.5
Melatonin,anxiety,7,35,20.0
Melatonin,depression,5,35,14.3
Melatonin,drowsiness,5,35,14.3
Melatonin,nausea,5,35,14.3
Melatonin,dizziness,4,35,11.4
Melatonin,headache,4,35,11.4
Melatonin,fatigue,2,35,5.7
Melatonin,cramps,1,35,2.9
Melatonin,mood swings,1,35,2.9
Melatonin,rash / itching,1,35,2.9
Meloxicam,headache,9,71,12.7
Meloxicam,bleeding,8,71,11.3
Meloxicam,nausea,7,71,9.9
Meloxicam,insomnia,5,71,7.0
Meloxicam,rash / itching,5,71,7.0
Meloxicam,weight gain,5,71,7.0
Meloxicam,fatigue,4,71,5.6
Meloxicam,anxiety,3,71,4.2
Meloxicam,dizziness,3,71,4.2
Meloxicam,depression,2,71,2.8
Meloxicam,cramps,1,71,1.4
Meloxicam,diarrhea,1,71,1.4
Meloxicam,drowsiness,1,71,1.4
Meloxicam,dry mouth,1,71,1.4
Meloxicam,hair loss,1,71,1.4
Meloxicam,heart palpitations,1,71,1.4
Meloxicam,joint / muscle pain,1,71,1.4
Meloxicam,vomiting,1,71,1.4
Memantine,depression,2,8,25.0
Memantine,mood swings,1,8,12.5
Menactra,fatigue,1,1,100.0
Menactra,headache,1,1,100.0
Mepron,depression,1,1,100.0
Mercaptopurine,fatigue,5,6,83.3
Mercaptopurine,diarrhea,1,6,16.7
Mercaptopurine,dizziness,1,6,16.7
Mercaptopurine,nausea,1,6,16.7
Meridia,anxiety,1,8,12.5
Meridia,headache,1,8,12.5
Meridia,heart palpitations,1,8,12.5
Meridia,insomnia,1,8,12.5
Meridia,mood swings,1,8,12.5
Meridia,nausea,1,8,12.5
Mesalamine,diarrhea,4,20,20.0
Mesalamine,headache,4,20,20.0
Mesalamine,cramps,3,20,15.0
Mesalamine,hair loss,2,20,10.0
Mesalamine,vomiting,2,20,10.0
Mesalamine,bleeding,1,20,5.0
Mesalamine,fatigue,1,20,5.0
Mesalamine,nausea,1,20,5.0
Mesalamine,rash / itching,1,20,5.0
Metadate CD,anxiety,1,4,25.0
Metadate CD,mood swings,1,4,25.0
Metamucil,cramps,1,2,50.0
Metamucil,diarrhea,1,2,50.0
Metaxalone,drowsiness,2,9,22.2
Metaxalone,dizziness,1,9,11.1
Metaxalone,nausea,1,9,11.1
Metaxalone,rash / itching,1,9,11.1
Metaxalone,vomiting,1,9,11.1
Metformin,diarrhea,21,56,37.5
Metformin,nausea,10,56,17.9
Metformin,vomiting,6,56,10.7
Metformin,weight gain,6,56,10.7
Metformin,headache,4,56,7.1
Metformin,cramps,3,56,5.4
Metformin,rash / itching,3,56,5.4
Metformin,acne,2,56,3.6
Metformin,anxiety,2,56,3.6
Metformin,dizziness,2,56,3.6
Metformin,fatigue,2,56,3.6
Metformin,joint / muscle pain,2,56,3.6
Metformin,mood swings,2,56,3.6
Metformin,depression,1,56,1.8
Metformin,drowsiness,1,56,1.8
Metformin,dry mouth,1,56,1.8
Metformin / saxagliptin,constipation,1,3,33.3
Metformin / saxagliptin,nausea,1,3,33.3
Metformin / sitagliptin,nausea,2,9,22.2
Metformin / sitagliptin,vomiting,2,9,22.2
Metformin / sitagliptin,cramps,1,9,11.1
Metformin / sitagliptin,depression,1,9,11.1
Metformin / sitagliptin,dizziness,1,9,11.1
Methadone,fatigue,6,22,27.3
Methadone,dizziness,3,22,13.6
Methadone,vomiting,2,22,9.1
Methadone,constipation,1,22,4.5
Methadone,cramps,1,22,4.5
Methadone,nausea,1,22,4.5
Methamphetamine,anxiety,1,2,50.0
Methenamine,mood swings,1,2,50.0
Methimazole,headache,2,6,33.3
Methimazole,weight gain,2,6,33.3
Methimazole,dizziness,1,6,16.7
Methimazole,dry mouth,1,6,16.7
Methimazole,fatigue,1,6,16.7
Methimazole,nausea,1,6,16.7
Methocarbamol,insomnia,6,39,15.4
Methocarbamol,headache,4,39,10.3
Methocarbamol,drowsiness,2,39,5.1
Methocarbamol,nausea,2,39,5.1
Methocarbamol,dizziness,1,39,2.6
Methocarbamol,fatigue,1,39,2.6
Methocarbamol,rash / itching,1,39,2.6
Methotrexate,fatigue,7,22,31.8
Methotrexate,nausea,5,22,22.7
Methotrexate,depression,3,22,13.6
Methotrexate,acne,1,22,4.5
Methotrexate,bleeding,1,22,4.5
Methotrexate,headache,1,22,4.5
Methotrexate,vomiting,1,22,4.5
Methotrexate,weight gain,1,22,4.5
Methscopolamine,dry mouth,2,2,100.0
Methyl salicylate,nausea,1,3,33.3
Methylnaltrexone,cramps,1,3,33.3
Methylnaltrexone,headache,1,3,33.3
Methylphenidate,depression,13,43,30.2
Methylphenidate,anxiety,10,43,23.3
Methylphenidate,mood swings,5,43,11.6
Methylphenidate,fatigue,4,43,9.3
Methylphenidate,headache,4,43,9.3
Methylphenidate,insomnia,4,43,9.3
Methylphenidate,dry mouth,3,43,7.0
Methylphenidate,nausea,2,43,4.7
Methylphenidate,heart palpitations,1,43,2.3
Methylprednisolone,anxiety,6,33,18.2
Methylprednisolone,insomnia,6,33,18.2
Methylprednisolone,dizziness,5,33,15.2
Methylprednisolone,heart palpitations,4,33,12.1
Methylprednisolone,nausea,4,33,12.1
Methylprednisolone,cramps,3,33,9.1
Methylprednisolone,depression,2,33,6.1
Methylprednisolone,fatigue,2,33,6.1
Methylprednisolone,rash / itching,2,33,6.1
Methylprednisolone,diarrhea,1,33,3.0
Methylprednisolone,headache,1,33,3.0
Methylprednisolone,mood swings,1,33,3.0
Methylprednisolone,weight gain,1,33,3.0
Metoclopramide,anxiety,30,78,38.5
Metoclopramide,depression,8,78,10.3
Metoclopramide,drowsiness,8,78,10.3
Metoclopramide,nausea,8,78,10.3
Metoclopramide,fatigue,5,78,6.4
Metoclopramide,headache,5,78,6.4
Metoclopramide,dizziness,2,78,2.6
Metoclopramide,constipation,1,78,1.3
Metoclopramide,dry mouth,1,78,1.3
Metoclopramide,insomnia,1,78,1.3
Metoclopramide,vomiting,1,78,1.3
Metoprolol,fatigue,19,71,26.8
Metoprolol,anxiety,10,71,14.1
Metoprolol,dizziness,8,71,11.3
Metoprolol,weight gain,7,71,9.9
Metoprolol,depression,6,71,8.5
Metoprolol,insomnia,6,71,8.5
Metoprolol,nausea,5,71,7.0
Metoprolol,headache,4,71,5.6
Metoprolol,hair loss,3,71,4.2
Metoprolol,dry mouth,2,71,2.8
Metoprolol,rash / itching,2,71,2.8
Metoprolol,constipation,1,71,1.4
Metoprolol,cramps,1,71,1.4
Metoprolol,diarrhea,1,71,1.4
Metoprolol,drowsiness,1,71,1.4
Metoprolol,joint / muscle pain,1,71,1.4
Metoprolol,low libido,1,71,1.4
Metoprolol,mood swings,1,71,1.4
MetroGel,acne,1,2,50.0
MetroGel-Vaginal,headache,2,7,28.6
MetroGel-Vaginal,nausea,2,7,28.6
MetroGel-Vaginal,rash / itching,2,7,28.6
MetroGel-Vaginal,anxiety,1,7,14.3
MetroGel-Vaginal,cramps,1,7,14.3
MetroGel-Vaginal,depression,1,7,14.3
MetroGel-Vaginal,diarrhea,1,7,14.3
MetroGel-Vaginal,joint / muscle pain,1,7,14.3
Metronidazole,nausea,78,212,36.8
Metronidazole,headache,48,212,22.6
Metronidazole,fatigue,41,212,19.3
Metronidazole,diarrhea,39,212,18.4
Metronidazole,dizziness,29,212,13.7
Metronidazole,vomiting,26,212,12.3
Metronidazole,rash / itching,22,212,10.4
Metronidazole,insomnia,16,212,7.5
Metronidazole,cramps,13,212,6.1
Metronidazole,anxiety,9,212,4.2
Metronidazole,joint / muscle pain,9,212,4.2
Metronidazole,drowsiness,8,212,3.8
Metronidazole,mood swings,6,212,2.8
Metronidazole,heart palpitations,5,212,2.4
Metronidazole,constipation,4,212,1.9
Metronidazole,depression,4,212,1.9
Metronidazole,dry mouth,4,212,1.9
Metronidazole,acne,1,212,0.5
Metronidazole,bleeding,1,212,0.5
Metronidazole,weight gain,1,212,0.5
Mibelas 24 Fe,acne,1,2,50.0
Mibelas 24 Fe,bleeding,1,2,50.0
Mibelas 24 Fe,headache,1,2,50.0
Micardis,dizziness,1,3,33.3
Micardis,fatigue,1,3,33.3
Micardis,rash / itching,1,3,33.3
Micardis,weight gain,1,3,33.3
Micardis HCT,fatigue,1,1,100.0
Miconazole,rash / itching,426,887,48.0
Miconazole,insomnia,24,887,2.7
Miconazole,bleeding,10,887,1.1
Miconazole,nausea,4,887,0.5
Miconazole,anxiety,2,887,0.2
Miconazole,cramps,2,887,0.2
Miconazole,fatigue,2,887,0.2
Miconazole,headache,2,887,0.2
Miconazole,mood swings,1,887,0.1
Miconazole,vomiting,1,887,0.1
Microgestin 1 / 20,bleeding,6,10,60.0
Microgestin 1 / 20,cramps,6,10,60.0
Microgestin 1 / 20,mood swings,4,10,40.0
Microgestin 1 / 20,nausea,4,10,40.0
Microgestin 1 / 20,anxiety,2,10,20.0
Microgestin 1 / 20,depression,2,10,20.0
Microgestin 1 / 20,headache,2,10,20.0
Microgestin 1 / 20,weight gain,2,10,20.0
Microgestin 1 / 20,acne,1,10,10.0
Microgestin 1 / 20,fatigue,1,10,10.0
Microgestin 1 / 20,low libido,1,10,10.0
Microgestin Fe 1 / 20,acne,32,96,33.3
Microgestin Fe 1 / 20,mood swings,25,96,26.0
Microgestin Fe 1 / 20,low libido,22,96,22.9
Microgestin Fe 1 / 20,weight gain,20,96,20.8
Microgestin Fe 1 / 20,cramps,18,96,18.8
Microgestin Fe 1 / 20,depression,18,96,18.8
Microgestin Fe 1 / 20,bleeding,14,96,14.6
Microgestin Fe 1 / 20,anxiety,13,96,13.5
Microgestin Fe 1 / 20,fatigue,12,96,12.5
Microgestin Fe 1 / 20,headache,12,96,12.5
Microgestin Fe 1 / 20,nausea,12,96,12.5
Microgestin Fe 1 / 20,insomnia,4,96,4.2
Microgestin Fe 1 / 20,joint / muscle pain,4,96,4.2
Microgestin Fe 1 / 20,hair loss,3,96,3.1
Microgestin Fe 1 / 20,heart palpitations,3,96,3.1
Microgestin Fe 1 / 20,dizziness,2,96,2.1
Microgestin Fe 1 / 20,vomiting,2,96,2.1
Microgestin Fe 1 / 20,constipation,1,96,1.0
Microgestin Fe 1 / 20,diarrhea,1,96,1.0
Microgestin Fe 1 / 20,drowsiness,1,96,1.0
Microgestin Fe 1.5 / 30,bleeding,5,14,35.7
Microgestin Fe 1.5 / 30,mood swings,5,14,35.7
Microgestin Fe 1.5 / 30,headache,4,14,28.6
Microgestin Fe 1.5 / 30,nausea,4,14,28.6
Microgestin Fe 1.5 / 30,acne,3,14,21.4
Microgestin Fe 1.5 / 30,weight gain,3,14,21.4
Microgestin Fe 1.5 / 30,cramps,2,14,14.3
Microgestin Fe 1.5 / 30,depression,2,14,14.3
Microgestin Fe 1.5 / 30,fatigue,2,14,14.3
Microgestin Fe 1.5 / 30,low libido,2,14,14.3
Microgestin Fe 1.5 / 30,constipation,1,14,7.1
Microgestin Fe 1.5 / 30,dizziness,1,14,7.1
Midazolam,anxiety,1,5,20.0
Midazolam,dizziness,1,5,20.0
Midazolam,vomiting,1,5,20.0
Milnacipran,nausea,8,32,25.0
Milnacipran,insomnia,5,32,15.6
Milnacipran,constipation,4,32,12.5
Milnacipran,headache,4,32,12.5
Milnacipran,cramps,3,32,9.4
Milnacipran,depression,3,32,9.4
Milnacipran,dry mouth,3,32,9.4
Milnacipran,weight gain,3,32,9.4
Milnacipran,anxiety,2,32,6.2
Milnacipran,dizziness,2,32,6.2
Milnacipran,fatigue,2,32,6.2
Milnacipran,heart palpitations,2,32,6.2
Milnacipran,joint / muscle pain,2,32,6.2
Milnacipran,vomiting,2,32,6.2
Milnacipran,diarrhea,1,32,3.1
Milnacipran,mood swings,1,32,3.1
Milnacipran,rash / itching,1,32,3.1
Mimvey,bleeding,1,1,100.0
Minastrin 24 Fe,mood swings,22,57,38.6
Minastrin 24 Fe,cramps,17,57,29.8
Minastrin 24 Fe,bleeding,16,57,28.1
Minastrin 24 Fe,depression,15,57,26.3
Minastrin 24 Fe,acne,13,57,22.8
Minastrin 24 Fe,weight gain,12,57,21.1
Minastrin 24 Fe,headache,11,57,19.3
Minastrin 24 Fe,low libido,10,57,17.5
Minastrin 24 Fe,nausea,9,57,15.8
Minastrin 24 Fe,anxiety,6,57,10.5
Minastrin 24 Fe,fatigue,5,57,8.8
Minastrin 24 Fe,dizziness,2,57,3.5
Minastrin 24 Fe,vomiting,2,57,3.5
Minastrin 24 Fe,drowsiness,1,57,1.8
Minastrin 24 Fe,hair loss,1,57,1.8
Minastrin 24 Fe,insomnia,1,57,1.8
Minastrin 24 Fe,rash / itching,1,57,1.8
Minocycline,rash / itching,19,98,19.4
Minocycline,dizziness,16,98,16.3
Minocycline,headache,12,98,12.2
Minocycline,joint / muscle pain,8,98,8.2
Minocycline,nausea,7,98,7.1
Minocycline,vomiting,7,98,7.1
Minocycline,anxiety,6,98,6.1
Minocycline,diarrhea,4,98,4.1
Minocycline,fatigue,4,98,4.1
Minocycline,depression,3,98,3.1
Minocycline,constipation,2,98,2.0
Minocycline,hair loss,1,98,1.0
Minocycline,insomnia,1,98,1.0
Minoxidil,headache,3,21,14.3
Minoxidil,nausea,2,21,9.5
Minoxidil,anxiety,1,21,4.8
Minoxidil,dizziness,1,21,4.8
Minoxidil,fatigue,1,21,4.8
Minoxidil,low libido,1,21,4.8
Minoxidil,vomiting,1,21,4.8
MiraLax,nausea,1,6,16.7
Mirabegron,dry mouth,4,30,13.3
Mirabegron,headache,3,30,10.0
Mirabegron,heart palpitations,3,30,10.0
Mirabegron,anxiety,2,30,6.7
Mirabegron,fatigue,2,30,6.7
Mirabegron,insomnia,2,30,6.7
Mirabegron,cramps,1,30,3.3
Mirabegron,dizziness,1,30,3.3
Mirabegron,rash / itching,1,30,3.3
Mirapex,insomnia,2,8,25.0
Mirapex,dizziness,1,8,12.5
Mirapex,nausea,1,8,12.5
Mirapex,vomiting,1,8,12.5
Mirapex,weight gain,1,8,12.5
Mircette,mood swings,3,4,75.0
Mircette,cramps,2,4,50.0
Mircette,headache,2,4,50.0
Mircette,acne,1,4,25.0
Mircette,weight gain,1,4,25.0
Mirena,cramps,83,245,33.9
Mirena,bleeding,70,245,28.6
Mirena,acne,50,245,20.4
Mirena,weight gain,49,245,20.0
Mirena,mood swings,39,245,15.9
Mirena,low libido,38,245,15.5
Mirena,headache,34,245,13.9
Mirena,depression,33,245,13.5
Mirena,fatigue,21,245,8.6
Mirena,anxiety,19,245,7.8
Mirena,nausea,17,245,6.9
Mirena,hair loss,15,245,6.1
Mirena,dizziness,11,245,4.5
Mirena,insomnia,5,245,2.0
Mirena,rash / itching,3,245,1.2
Mirena,constipation,2,245,0.8
Mirena,vomiting,2,245,0.8
Mirena,joint / muscle pain,1,245,0.4
Mirtazapine,fatigue,21,136,15.4
Mirtazapine,insomnia,14,136,10.3
Mirtazapine,weight gain,14,136,10.3
Mirtazapine,dizziness,7,136,5.1
Mirtazapine,depression,6,136,4.4
Mirtazapine,drowsiness,6,136,4.4
Mirtazapine,anxiety,4,136,2.9
Mirtazapine,headache,4,136,2.9
Mirtazapine,dry mouth,3,136,2.2
Mirtazapine,low libido,3,136,2.2
Mirtazapine,rash / itching,2,136,1.5
Mirtazapine,constipation,1,136,0.7
Mirtazapine,cramps,1,136,0.7
Mirtazapine,heart palpitations,1,136,0.7
Mirtazapine,joint / muscle pain,1,136,0.7
Mirtazapine,mood swings,1,136,0.7
Mirtazapine,nausea,1,136,0.7
Mirtazapine,vomiting,1,136,0.7
Mirvaso,acne,3,27,11.1
Mirvaso,rash / itching,3,27,11.1
Mirvaso,headache,2,27,7.4
Mirvaso,drowsiness,1,27,3.7
Misoprostol,nausea,1,1,100.0
Misoprostol,vomiting,1,1,100.0
Mobic,joint / muscle pain,1,7,14.3
Modafinil,headache,7,34,20.6
Modafinil,nausea,5,34,14.7
Modafinil,depression,3,34,8.8
Modafinil,drowsiness,3,34,8.8
Modafinil,dizziness,2,34,5.9
Modafinil,fatigue,2,34,5.9
Modafinil,insomnia,2,34,5.9
Modafinil,anxiety,1,34,2.9
Modafinil,diarrhea,1,34,2.9
Modafinil,joint / muscle pain,1,34,2.9
Modafinil,mood swings,1,34,2.9
Modafinil,rash / itching,1,34,2.9
Modafinil,vomiting,1,34,2.9
Modafinil,weight gain,1,34,2.9
Mometasone,anxiety,1,11,9.1
Mometasone,depression,1,11,9.1
Mometasone,diarrhea,1,11,9.1
Mometasone,dizziness,1,11,9.1
Mometasone,headache,1,11,9.1
Mometasone,joint / muscle pain,1,11,9.1
Monistat 1-Day or Night Combination Pack,rash / itching,2,7,28.6
Monistat 3-Day Combination Pack,rash / itching,19,36,52.8
Monistat 3-Day Combination Pack,dizziness,1,36,2.8
Monistat 3-Day Combination Pack,vomiting,1,36,2.8
Monistat 7,rash / itching,13,28,46.4
Monistat 7,cramps,3,28,10.7
Monistat 7,fatigue,1,28,3.6
Monistat 7,nausea,1,28,3.6
Monistat 7-Day Combination Pack,rash / itching,13,25,52.0
Mono-Linyah,nausea,3,3,100.0
Mono-Linyah,bleeding,1,3,33.3
Mono-Linyah,cramps,1,3,33.3
Mono-Linyah,fatigue,1,3,33.3
Mono-Linyah,headache,1,3,33.3
Mono-Linyah,mood swings,1,3,33.3
Mono-Linyah,weight gain,1,3,33.3
Monodox,nausea,2,4,50.0
Monodox,vomiting,1,4,25.0
Mononessa,nausea,10,27,37.0
Mononessa,mood swings,8,27,29.6
Mononessa,headache,7,27,25.9
Mononessa,weight gain,6,27,22.2
Mononessa,cramps,5,27,18.5
Mononessa,dizziness,5,27,18.5
Mononessa,low libido,4,27,14.8
Mononessa,diarrhea,3,27,11.1
Mononessa,vomiting,3,27,11.1
Mononessa,acne,2,27,7.4
Mononessa,anxiety,2,27,7.4
Mononessa,fatigue,2,27,7.4
Mononessa,bleeding,1,27,3.7
Mononessa,depression,1,27,3.7
Mononessa,insomnia,1,27,3.7
Montelukast,anxiety,24,82,29.3
Montelukast,depression,22,82,26.8
Montelukast,mood swings,11,82,13.4
Montelukast,fatigue,8,82,9.8
Montelukast,nausea,5,82,6.1
Montelukast,dizziness,4,82,4.9
Montelukast,headache,4,82,4.9
Montelukast,rash / itching,3,82,3.7
Montelukast,heart palpitations,2,82,2.4
Montelukast,constipation,1,82,1.2
Montelukast,cramps,1,82,1.2
Montelukast,diarrhea,1,82,1.2
Montelukast,drowsiness,1,82,1.2
Montelukast,insomnia,1,82,1.2
Montelukast,vomiting,1,82,1.2
Montelukast,weight gain,1,82,1.2
Morphine,nausea,4,23,17.4
Morphine,insomnia,3,23,13.0
Morphine,weight gain,2,23,8.7
Morphine,cramps,1,23,4.3
Morphine,depression,1,23,4.3
Morphine,drowsiness,1,23,4.3
Morphine,fatigue,1,23,4.3
Morphine,headache,1,23,4.3
Morphine,vomiting,1,23,4.3
Morphine / naltrexone,headache,4,12,33.3
Morphine / naltrexone,constipation,2,12,16.7
Morphine / naltrexone,depression,2,12,16.7
Morphine / naltrexone,nausea,2,12,16.7
Morphine / naltrexone,dizziness,1,12,8.3
Morphine / naltrexone,drowsiness,1,12,8.3
Morphine / naltrexone,heart palpitations,1,12,8.3
Morphine / naltrexone,mood swings,1,12,8.3
Morphine / naltrexone,rash / itching,1,12,8.3
Morphine / naltrexone,weight gain,1,12,8.3
Movantik,cramps,13,37,35.1
Movantik,nausea,7,37,18.9
Movantik,diarrhea,5,37,13.5
Movantik,vomiting,5,37,13.5
Movantik,anxiety,3,37,8.1
Movantik,dizziness,2,37,5.4
Movantik,headache,2,37,5.4
Movantik,fatigue,1,37,2.7
Movantik,heart palpitations,1,37,2.7
MoviPrep,vomiting,6,24,25.0
MoviPrep,cramps,5,24,20.8
MoviPrep,bleeding,1,24,4.2
MoviPrep,nausea,1,24,4.2
Moxifloxacin,dizziness,4,20,20.0
Moxifloxacin,nausea,4,20,20.0
Moxifloxacin,rash / itching,2,20,10.0
Moxifloxacin,depression,1,20,5.0
Moxifloxacin,dry mouth,1,20,5.0
Moxifloxacin,fatigue,1,20,5.0
Moxifloxacin,headache,1,20,5.0
Moxifloxacin,vomiting,1,20,5.0
Mucinex,dizziness,4,10,40.0
Mucinex,cramps,2,10,20.0
Mucinex,nausea,2,10,20.0
Mucinex,diarrhea,1,10,10.0
Mucinex,drowsiness,1,10,10.0
Mucinex,vomiting,1,10,10.0
Mucinex D,insomnia,10,25,40.0
Mucinex D,anxiety,4,25,16.0
Mucinex D,dizziness,3,25,12.0
Mucinex D,nausea,2,25,8.0
Mucinex D,drowsiness,1,25,4.0
Mucinex D,dry mouth,1,25,4.0
Mucinex D,fatigue,1,25,4.0
Mucinex D,headache,1,25,4.0
Mucinex D,mood swings,1,25,4.0
Mucinex D Maximum Strength,headache,2,4,50.0
Mucinex D Maximum Strength,dizziness,1,4,25.0
Mucinex D Maximum Strength,drowsiness,1,4,25.0
Mucinex D Maximum Strength,insomnia,1,4,25.0
Mucinex D Maximum Strength,vomiting,1,4,25.0
Mucinex Fast-Max Severe Congestion & Cough,drowsiness,1,1,100.0
Mucinex Fast-Max Severe Congestion & Cough,heart palpitations,1,1,100.0
Mucinex Fast-Max Severe Congestion & Cough,nausea,1,1,100.0
Mucinex Maximum Strength,nausea,1,1,100.0
Multaq,nausea,1,6,16.7
Multivitamin,rash / itching,7,16,43.8
Multivitamin,nausea,3,16,18.8
Multivitamin,diarrhea,2,16,12.5
Multivitamin,hair loss,2,16,12.5
Multivitamin,cramps,1,16,6.2
Multivitamin,dry mouth,1,16,6.2
Multivitamin,headache,1,16,6.2
Multivitamin,vomiting,1,16,6.2
Multivitamin with iron,depression,1,2,50.0
Multivitamin with minerals,fatigue,2,7,28.6
Multivitamin with minerals,nausea,2,7,28.6
Multivitamin with minerals,depression,1,7,14.3
Multivitamin with minerals,rash / itching,1,7,14.3
"Multivitamin, prenatal",headache,1,3,33.3
"Multivitamin, prenatal",vomiting,1,3,33.3
Mumps virus vaccine,rash / itching,1,1,100.0
Mupirocin,rash / itching,1,3,33.3
Mycophenolate mofetil,joint / muscle pain,1,2,50.0
Mydayis,depression,1,5,20.0
Mydayis,nausea,1,5,20.0
Myrbetriq,headache,3,24,12.5
Myrbetriq,dizziness,2,24,8.3
Myrbetriq,dry mouth,2,24,8.3
Myrbetriq,constipation,1,24,4.2
Myrbetriq,diarrhea,1,24,4.2
Myrbetriq,fatigue,1,24,4.2
Myrbetriq,insomnia,1,24,4.2
Myrbetriq,nausea,1,24,4.2
Myrbetriq,vomiting,1,24,4.2
Myrbetriq,weight gain,1,24,4.2
Nabumetone,dizziness,2,19,10.5
Nabumetone,headache,2,19,10.5
Nabumetone,rash / itching,2,19,10.5
Nabumetone,cramps,1,19,5.3
Nabumetone,diarrhea,1,19,5.3
Nabumetone,nausea,1,19,5.3
Nalbuphine,dizziness,1,3,33.3
Nalbuphine,headache,1,3,33.3
Nalbuphine,nausea,1,3,33.3
Naloxegol,cramps,14,39,35.9
Naloxegol,diarrhea,8,39,20.5
Naloxegol,nausea,6,39,15.4
Naloxegol,anxiety,2,39,5.1
Naloxegol,headache,2,39,5.1
Naloxegol,vomiting,2,39,5.1
Naloxegol,depression,1,39,2.6
Naloxegol,drowsiness,1,39,2.6
Naloxegol,heart palpitations,1,39,2.6
Naloxegol,mood swings,1,39,2.6
Naloxone / pentazocine,anxiety,1,4,25.0
Naloxone / pentazocine,dizziness,1,4,25.0
Naloxone / pentazocine,nausea,1,4,25.0
Naloxone / pentazocine,rash / itching,1,4,25.0
Naltrexone,depression,3,23,13.0
Naltrexone,anxiety,2,23,8.7
Naltrexone,diarrhea,2,23,8.7
Naltrexone,fatigue,2,23,8.7
Naltrexone,insomnia,1,23,4.3
Naltrexone,joint / muscle pain,1,23,4.3
Naltrexone,mood swings,1,23,4.3
Naltrexone,rash / itching,1,23,4.3
Naltrexone,vomiting,1,23,4.3
Namenda XR,depression,1,1,100.0
Naphazoline,rash / itching,1,1,100.0
Naproxen,nausea,8,92,8.7
Naproxen,dizziness,6,92,6.5
Naproxen,rash / itching,6,92,6.5
Naproxen,cramps,5,92,5.4
Naproxen,vomiting,4,92,4.3
Naproxen,depression,3,92,3.3
Naproxen,diarrhea,3,92,3.3
Naproxen,bleeding,2,92,2.2
Naproxen,fatigue,2,92,2.2
Naproxen,weight gain,2,92,2.2
Naproxen,heart palpitations,1,92,1.1
Naproxen,insomnia,1,92,1.1
Naproxen / sumatriptan,mood swings,1,3,33.3
Naproxen / sumatriptan,nausea,1,3,33.3
Naproxen / sumatriptan,rash / itching,1,3,33.3
Naratriptan,drowsiness,1,2,50.0
Nardil,depression,1,4,25.0
Nardil,headache,1,4,25.0
Nardil,joint / muscle pain,1,4,25.0
Nasacort,diarrhea,1,9,11.1
Nasacort Allergy 24HR,anxiety,1,1,100.0
Nasonex,headache,5,6,83.3
Nasonex,dizziness,1,6,16.7
Natalizumab,fatigue,2,6,33.3
Natalizumab,depression,1,6,16.7
Natalizumab,joint / muscle pain,1,6,16.7
Natalizumab,nausea,1,6,16.7
Natazia,bleeding,3,8,37.5
Natazia,acne,2,8,25.0
Natazia,cramps,2,8,25.0
Natazia,mood swings,2,8,25.0
Natazia,depression,1,8,12.5
Natazia,low libido,1,8,12.5
Natazia,vomiting,1,8,12.5
Natazia,weight gain,1,8,12.5
Natroba,insomnia,1,1,100.0
Natroba,rash / itching,1,1,100.0
Nature-Throid,cramps,1,4,25.0
Nature-Throid,hair loss,1,4,25.0
Nature-Throid,mood swings,1,4,25.0
Nebivolol,fatigue,4,19,21.1
Nebivolol,dizziness,3,19,15.8
Nebivolol,weight gain,3,19,15.8
Nebivolol,anxiety,2,19,10.5
Nebivolol,depression,1,19,5.3
Nebivolol,headache,1,19,5.3
Nebivolol,insomnia,1,19,5.3
Nebivolol,low libido,1,19,5.3
Nebivolol,nausea,1,19,5.3
Necon 1 / 35,cramps,2,5,40.0
Necon 1 / 35,bleeding,1,5,20.0
Necon 1 / 35,depression,1,5,20.0
Necon 1 / 35,low libido,1,5,20.0
Necon 1 / 35,mood swings,1,5,20.0
Necon 1 / 35,nausea,1,5,20.0
Necon 1 / 35,vomiting,1,5,20.0
Necon 1 / 50,anxiety,1,3,33.3
Necon 1 / 50,nausea,1,3,33.3
Necon 1 / 50,vomiting,1,3,33.3
Necon 7 / 7 / 7,nausea,1,1,100.0
Necon 7 / 7 / 7,vomiting,1,1,100.0
Nefazodone,cramps,1,3,33.3
Nefazodone,dizziness,1,3,33.3
Nefazodone,headache,1,3,33.3
Neulasta,rash / itching,1,2,50.0
Neurontin,fatigue,2,12,16.7
Neurontin,diarrhea,1,12,8.3
Neurontin,dizziness,1,12,8.3
Neurontin,drowsiness,1,12,8.3
Neurontin,headache,1,12,8.3
Neurontin,nausea,1,12,8.3
Neurontin,weight gain,1,12,8.3
Nexafed Nasal Decongestant,drowsiness,1,1,100.0
Nexium,cramps,2,6,33.3
Nexium,headache,2,6,33.3
Nexium,anxiety,1,6,16.7
Nexium,depression,1,6,16.7
Nexium,diarrhea,1,6,16.7
Nexium,dizziness,1,6,16.7
Nexium,joint / muscle pain,1,6,16.7
Nexium,nausea,1,6,16.7
Nexium,rash / itching,1,6,16.7
Nexplanon,bleeding,275,576,47.7
Nexplanon,mood swings,183,576,31.8
Nexplanon,weight gain,168,576,29.2
Nexplanon,depression,139,576,24.1
Nexplanon,acne,129,576,22.4
Nexplanon,cramps,82,576,14.2
Nexplanon,low libido,80,576,13.9
Nexplanon,anxiety,78,576,13.5
Nexplanon,fatigue,73,576,12.7
Nexplanon,headache,64,576,11.1
Nexplanon,nausea,26,576,4.5
Nexplanon,dizziness,24,576,4.2
Nexplanon,hair loss,13,576,2.3
Nexplanon,insomnia,8,576,1.4
Nexplanon,rash / itching,8,576,1.4
Nexplanon,vomiting,4,576,0.7
Nexplanon,joint / muscle pain,3,576,0.5
Nexplanon,constipation,1,576,0.2
Nexplanon,diarrhea,1,576,0.2
Nexplanon,drowsiness,1,576,0.2
Nexplanon,heart palpitations,1,576,0.2
Next Choice,bleeding,1,2,50.0
Next Choice,cramps,1,2,50.0
Niacin,rash / itching,4,7,57.1
Niacin,anxiety,1,7,14.3
Niacin,vomiting,1,7,14.3
Niaspan,nausea,1,4,25.0
Niaspan,rash / itching,1,4,25.0
Nicorette,low libido,1,1,100.0
Nicotine,anxiety,1,9,11.1
Nicotine,bleeding,1,9,11.1
Nicotine,constipation,1,9,11.1
Nicotine,dizziness,1,9,11.1
Nicotine,insomnia,1,9,11.1
Nifedipine,headache,2,11,18.2
Nifedipine,insomnia,2,11,18.2
Nifedipine,rash / itching,2,11,18.2
Nifedipine,dizziness,1,11,9.1
Nifedipine,heart palpitations,1,11,9.1
Nifedipine,nausea,1,11,9.1
Nikki,acne,2,2,100.0
Nikki,mood swings,1,2,50.0
Nikki,weight gain,1,2,50.0
Nilotinib,acne,1,2,50.0
Nilotinib,nausea,1,2,50.0
Nisoldipine,headache,1,1,100.0
Nitrofurantoin,headache,87,245,35.5
Nitrofurantoin,nausea,86,245,35.1
Nitrofurantoin,fatigue,37,245,15.1
Nitrofurantoin,dizziness,27,245,11.0
Nitrofurantoin,vomiting,26,245,10.6
Nitrofurantoin,joint / muscle pain,23,245,9.4
Nitrofurantoin,rash / itching,17,245,6.9
Nitrofurantoin,diarrhea,13,245,5.3
Nitrofurantoin,anxiety,10,245,4.1
Nitrofurantoin,cramps,9,245,3.7
Nitrofurantoin,depression,8,245,3.3
Nitrofurantoin,constipation,5,245,2.0
Nitrofurantoin,insomnia,5,245,2.0
Nitrofurantoin,dry mouth,4,245,1.6
Nitrofurantoin,heart palpitations,4,245,1.6
Nitrofurantoin,drowsiness,3,245,1.2
Nitrofurantoin,mood swings,2,245,0.8
Nitrofurantoin,bleeding,1,245,0.4
Nivolumab,rash / itching,2,9,22.2
Nor-QD,cramps,1,1,100.0
Nor-QD,weight gain,1,1,100.0
Nora-Be,bleeding,6,18,33.3
Nora-Be,cramps,6,18,33.3
Nora-Be,acne,4,18,22.2
Nora-Be,rash / itching,3,18,16.7
Nora-Be,weight gain,3,18,16.7
Nora-Be,anxiety,2,18,11.1
Nora-Be,depression,2,18,11.1
Nora-Be,headache,2,18,11.1
Nora-Be,mood swings,2,18,11.1
Nora-Be,nausea,2,18,11.1
Nora-Be,constipation,1,18,5.6
Nora-Be,dizziness,1,18,5.6
Nora-Be,heart palpitations,1,18,5.6
Nora-Be,insomnia,1,18,5.6
Nora-Be,vomiting,1,18,5.6
Norco,nausea,4,11,36.4
Norco,dizziness,2,11,18.2
Norco,drowsiness,1,11,9.1
Norco,headache,1,11,9.1
Norco,vomiting,1,11,9.1
Norethindrone,bleeding,44,168,26.2
Norethindrone,mood swings,39,168,23.2
Norethindrone,cramps,36,168,21.4
Norethindrone,acne,35,168,20.8
Norethindrone,weight gain,33,168,19.6
Norethindrone,headache,27,168,16.1
Norethindrone,depression,25,168,14.9
Norethindrone,fatigue,16,168,9.5
Norethindrone,low libido,15,168,8.9
Norethindrone,anxiety,14,168,8.3
Norethindrone,hair loss,7,168,4.2
Norethindrone,nausea,6,168,3.6
Norethindrone,dizziness,5,168,3.0
Norethindrone,constipation,4,168,2.4
Norethindrone,rash / itching,4,168,2.4
Norethindrone,insomnia,3,168,1.8
Norethindrone,joint / muscle pain,1,168,0.6
Norflex,drowsiness,1,3,33.3
Nortrel 1 / 35,nausea,3,5,60.0
Nortrel 1 / 35,mood swings,2,5,40.0
Nortrel 1 / 35,cramps,1,5,20.0
Nortrel 1 / 35,dizziness,1,5,20.0
Nortrel 1 / 35,hair loss,1,5,20.0
Nortrel 1 / 35,headache,1,5,20.0
Nortrel 1 / 35,vomiting,1,5,20.0
Nortrel 7 / 7 / 7,acne,1,3,33.3
Nortrel 7 / 7 / 7,depression,1,3,33.3
Nortrel 7 / 7 / 7,mood swings,1,3,33.3
Nortrel 7 / 7 / 7,nausea,1,3,33.3
Nortrel 7 / 7 / 7,vomiting,1,3,33.3
Nortriptyline,depression,7,47,14.9
Nortriptyline,dizziness,6,47,12.8
Nortriptyline,anxiety,5,47,10.6
Nortriptyline,dry mouth,5,47,10.6
Nortriptyline,insomnia,5,47,10.6
Nortriptyline,fatigue,4,47,8.5
Nortriptyline,mood swings,3,47,6.4
Nortriptyline,weight gain,3,47,6.4
Nortriptyline,constipation,2,47,4.3
Nortriptyline,headache,2,47,4.3
Nortriptyline,heart palpitations,2,47,4.3
Nortriptyline,low libido,2,47,4.3
Nortriptyline,nausea,2,47,4.3
Nortriptyline,drowsiness,1,47,2.1
Nortriptyline,rash / itching,1,47,2.1
Norvasc,fatigue,3,16,18.8
Norvasc,headache,3,16,18.8
Norvasc,depression,2,16,12.5
Norvasc,dry mouth,2,16,12.5
Norvasc,weight gain,2,16,12.5
Norvasc,cramps,1,16,6.2
Norvasc,diarrhea,1,16,6.2
Norvasc,dizziness,1,16,6.2
Norvasc,hair loss,1,16,6.2
Norvasc,joint / muscle pain,1,16,6.2
Norvasc,nausea,1,16,6.2
Norvir,weight gain,1,1,100.0
Novolog,rash / itching,2,3,66.7
Novolog,dizziness,1,3,33.3
NuLYTELY,dizziness,1,1,100.0
NuLYTELY,headache,1,1,100.0
Nucala,fatigue,1,2,50.0
Nucala,nausea,1,2,50.0
Nucynta,headache,6,30,20.0
Nucynta,anxiety,3,30,10.0
Nucynta,depression,3,30,10.0
Nucynta,insomnia,3,30,10.0
Nucynta,diarrhea,2,30,6.7
Nucynta,drowsiness,2,30,6.7
Nucynta,nausea,2,30,6.7
Nucynta,cramps,1,30,3.3
Nucynta,dizziness,1,30,3.3
Nucynta,fatigue,1,30,3.3
Nucynta,vomiting,1,30,3.3
Nucynta ER,mood swings,1,3,33.3
NuvaRing,mood swings,34,107,31.8
NuvaRing,depression,27,107,25.2
NuvaRing,low libido,24,107,22.4
NuvaRing,anxiety,20,107,18.7
NuvaRing,cramps,18,107,16.8
NuvaRing,nausea,18,107,16.8
NuvaRing,acne,16,107,15.0
NuvaRing,fatigue,14,107,13.1
NuvaRing,headache,12,107,11.2
NuvaRing,weight gain,12,107,11.2
NuvaRing,bleeding,9,107,8.4
NuvaRing,dizziness,6,107,5.6
NuvaRing,rash / itching,5,107,4.7
NuvaRing,vomiting,3,107,2.8
NuvaRing,insomnia,2,107,1.9
NuvaRing,constipation,1,107,0.9
NuvaRing,diarrhea,1,107,0.9
NuvaRing,hair loss,1,107,0.9
NuvaRing,joint / muscle pain,1,107,0.9
Nuvigil,fatigue,4,22,18.2
Nuvigil,headache,4,22,18.2
Nuvigil,anxiety,3,22,13.6
Nuvigil,dry mouth,2,22,9.1
Nuvigil,nausea,2,22,9.1
Nuvigil,depression,1,22,4.5
Nuvigil,diarrhea,1,22,4.5
Nuvigil,dizziness,1,22,4.5
Nuvigil,mood swings,1,22,4.5
Nuvigil,rash / itching,1,22,4.5
Nystatin,rash / itching,2,3,66.7
Nystop,heart palpitations,1,1,100.0
Nytol,fatigue,1,1,100.0
Oasis Tears,joint / muscle pain,1,2,50.0
Ocella,bleeding,4,13,30.8
Ocella,depression,4,13,30.8
Ocella,mood swings,4,13,30.8
Ocella,low libido,3,13,23.1
Ocella,nausea,3,13,23.1
Ocella,acne,2,13,15.4
Ocella,cramps,2,13,15.4
Ocella,weight gain,2,13,15.4
Ocella,anxiety,1,13,7.7
Ocella,constipation,1,13,7.7
Ocella,fatigue,1,13,7.7
Ocella,headache,1,13,7.7
Ocular lubricant,rash / itching,3,12,25.0
Ofloxacin,rash / itching,2,2,100.0
Olanzapine,weight gain,22,63,34.9
Olanzapine,fatigue,11,63,17.5
Olanzapine,drowsiness,3,63,4.8
Olanzapine,dizziness,2,63,3.2
Olanzapine,insomnia,2,63,3.2
Olanzapine,acne,1,63,1.6
Olanzapine,anxiety,1,63,1.6
Olanzapine,depression,1,63,1.6
Olanzapine,heart palpitations,1,63,1.6
Olanzapine,low libido,1,63,1.6
Olanzapine,nausea,1,63,1.6
Oleptro,headache,1,2,50.0
Oleptro,heart palpitations,1,2,50.0
Oleptro,vomiting,1,2,50.0
Olmesartan,headache,1,10,10.0
Olmesartan,rash / itching,1,10,10.0
Olodaterol,dizziness,1,2,50.0
Olodaterol,headache,1,2,50.0
Olodaterol / tiotropium,dizziness,1,4,25.0
Olodaterol / tiotropium,heart palpitations,1,4,25.0
Olodaterol / tiotropium,rash / itching,1,4,25.0
Olopatadine,headache,1,4,25.0
Olopatadine,rash / itching,1,4,25.0
Omalizumab,acne,2,11,18.2
Omalizumab,depression,2,11,18.2
Omalizumab,fatigue,2,11,18.2
Omalizumab,anxiety,1,11,9.1
Omalizumab,dizziness,1,11,9.1
Omalizumab,headache,1,11,9.1
Omalizumab,weight gain,1,11,9.1
Omega-3 polyunsaturated fatty acids,constipation,1,8,12.5
Omega-3 polyunsaturated fatty acids,diarrhea,1,8,12.5
Omega-3 polyunsaturated fatty acids,nausea,1,8,12.5
Omega-3 polyunsaturated fatty acids,rash / itching,1,8,12.5
Omeprazole,cramps,3,11,27.3
Omeprazole,dizziness,3,11,27.3
Omeprazole,headache,3,11,27.3
Omeprazole,constipation,2,11,18.2
Omeprazole,dry mouth,2,11,18.2
Omeprazole,anxiety,1,11,9.1
Omeprazole,diarrhea,1,11,9.1
Omeprazole,nausea,1,11,9.1
Omeprazole,weight gain,1,11,9.1
Omnaris,anxiety,1,1,100.0
Omnaris,depression,1,1,100.0
Omnicef,diarrhea,3,5,60.0
Omnicef,dizziness,1,5,20.0
Omnicef,headache,1,5,20.0
Omnicef,insomnia,1,5,20.0
OnabotulinumtoxinA,dizziness,2,36,5.6
OnabotulinumtoxinA,insomnia,2,36,5.6
OnabotulinumtoxinA,nausea,2,36,5.6
OnabotulinumtoxinA,anxiety,1,36,2.8
OnabotulinumtoxinA,bleeding,1,36,2.8
OnabotulinumtoxinA,diarrhea,1,36,2.8
OnabotulinumtoxinA,headache,1,36,2.8
OnabotulinumtoxinA,rash / itching,1,36,2.8
Ondansetron,headache,7,27,25.9
Ondansetron,anxiety,3,27,11.1
Ondansetron,dizziness,3,27,11.1
Ondansetron,fatigue,1,27,3.7
Ondansetron,rash / itching,1,27,3.7
Onzetra Xsail,nausea,1,1,100.0
Opana ER,anxiety,1,7,14.3
Opdivo,diarrhea,1,5,20.0
Opdivo,joint / muscle pain,1,5,20.0
Oramorph SR,nausea,1,1,100.0
Orap,weight gain,1,2,50.0
Orencia,fatigue,1,6,16.7
Orencia,headache,1,6,16.7
Orencia,rash / itching,1,6,16.7
Orencia,vomiting,1,6,16.7
Orlistat,constipation,2,19,10.5
Orlistat,cramps,2,19,10.5
Orlistat,depression,2,19,10.5
Orlistat,diarrhea,2,19,10.5
Orlistat,hair loss,1,19,5.3
Orlistat,headache,1,19,5.3
Orlistat,vomiting,1,19,5.3
Orphenadrine,dizziness,1,6,16.7
Orphenadrine,drowsiness,1,6,16.7
Orphenadrine,heart palpitations,1,6,16.7
Orphenadrine,nausea,1,6,16.7
Orphenadrine,rash / itching,1,6,16.7
Orphenadrine,vomiting,1,6,16.7
Orsythia,acne,20,43,46.5
Orsythia,mood swings,13,43,30.2
Orsythia,weight gain,13,43,30.2
Orsythia,cramps,9,43,20.9
Orsythia,low libido,8,43,18.6
Orsythia,headache,7,43,16.3
Orsythia,anxiety,6,43,14.0
Orsythia,depression,6,43,14.0
Orsythia,nausea,5,43,11.6
Orsythia,fatigue,4,43,9.3
Orsythia,bleeding,3,43,7.0
Orsythia,dizziness,2,43,4.7
Orsythia,joint / muscle pain,1,43,2.3
Orsythia,rash / itching,1,43,2.3
Orsythia,vomiting,1,43,2.3
Ortho Cyclen,nausea,4,8,50.0
Ortho Cyclen,anxiety,3,8,37.5
Ortho Cyclen,mood swings,3,8,37.5
Ortho Cyclen,acne,2,8,25.0
Ortho Cyclen,bleeding,2,8,25.0
Ortho Cyclen,depression,2,8,25.0
Ortho Cyclen,headache,2,8,25.0
Ortho Cyclen,insomnia,2,8,25.0
Ortho Cyclen,cramps,1,8,12.5
Ortho Cyclen,low libido,1,8,12.5
Ortho Cyclen,weight gain,1,8,12.5
Ortho Evra,headache,10,26,38.5
Ortho Evra,cramps,8,26,30.8
Ortho Evra,nausea,6,26,23.1
Ortho Evra,anxiety,4,26,15.4
Ortho Evra,vomiting,4,26,15.4
Ortho Evra,bleeding,3,26,11.5
Ortho Evra,joint / muscle pain,3,26,11.5
Ortho Evra,weight gain,3,26,11.5
Ortho Evra,depression,2,26,7.7
Ortho Evra,acne,1,26,3.8
Ortho Evra,constipation,1,26,3.8
Ortho Evra,diarrhea,1,26,3.8
Ortho Evra,dizziness,1,26,3.8
Ortho Evra,fatigue,1,26,3.8
Ortho Evra,low libido,1,26,3.8
Ortho Evra,mood swings,1,26,3.8
Ortho Micronor,mood swings,4,11,36.4
Ortho Micronor,cramps,3,11,27.3
Ortho Micronor,bleeding,2,11,18.2
Ortho Micronor,low libido,2,11,18.2
Ortho Micronor,acne,1,11,9.1
Ortho Micronor,anxiety,1,11,9.1
Ortho Micronor,constipation,1,11,9.1
Ortho Micronor,depression,1,11,9.1
Ortho Micronor,fatigue,1,11,9.1
Ortho Micronor,weight gain,1,11,9.1
Ortho Tri-Cyclen,mood swings,14,33,42.4
Ortho Tri-Cyclen,depression,10,33,30.3
Ortho Tri-Cyclen,weight gain,8,33,24.2
Ortho Tri-Cyclen,acne,6,33,18.2
Ortho Tri-Cyclen,bleeding,5,33,15.2
Ortho Tri-Cyclen,cramps,5,33,15.2
Ortho Tri-Cyclen,nausea,5,33,15.2
Ortho Tri-Cyclen,anxiety,4,33,12.1
Ortho Tri-Cyclen,headache,4,33,12.1
Ortho Tri-Cyclen,fatigue,3,33,9.1
Ortho Tri-Cyclen,diarrhea,1,33,3.0
Ortho Tri-Cyclen,hair loss,1,33,3.0
Ortho Tri-Cyclen,low libido,1,33,3.0
Ortho Tri-Cyclen,vomiting,1,33,3.0
Ortho Tri-Cyclen Lo,mood swings,11,35,31.4
Ortho Tri-Cyclen Lo,acne,10,35,28.6
Ortho Tri-Cyclen Lo,nausea,8,35,22.9
Ortho Tri-Cyclen Lo,depression,7,35,20.0
Ortho Tri-Cyclen Lo,headache,7,35,20.0
Ortho Tri-Cyclen Lo,weight gain,7,35,20.0
Ortho Tri-Cyclen Lo,low libido,6,35,17.1
Ortho Tri-Cyclen Lo,bleeding,5,35,14.3
Ortho Tri-Cyclen Lo,cramps,4,35,11.4
Ortho Tri-Cyclen Lo,fatigue,4,35,11.4
Ortho Tri-Cyclen Lo,vomiting,3,35,8.6
Ortho Tri-Cyclen Lo,anxiety,1,35,2.9
Ortho Tri-Cyclen Lo,dizziness,1,35,2.9
Ortho Tri-Cyclen Lo,drowsiness,1,35,2.9
Ortho Tri-Cyclen Lo,rash / itching,1,35,2.9
Ortho-Cept,acne,1,3,33.3
Ortho-Cept,headache,1,3,33.3
Ortho-Cept,low libido,1,3,33.3
Ortho-Cept,mood swings,1,3,33.3
Ortho-Cept,nausea,1,3,33.3
Ortho-Cept,weight gain,1,3,33.3
Orthovisc,headache,1,11,9.1
Orthovisc,nausea,1,11,9.1
Oseltamivir,nausea,19,40,47.5
Oseltamivir,vomiting,15,40,37.5
Oseltamivir,diarrhea,9,40,22.5
Oseltamivir,headache,9,40,22.5
Oseltamivir,fatigue,5,40,12.5
Oseltamivir,dizziness,4,40,10.0
Oseltamivir,joint / muscle pain,4,40,10.0
Oseltamivir,rash / itching,4,40,10.0
Oseltamivir,cramps,1,40,2.5
Oseltamivir,dry mouth,1,40,2.5
Oseltamivir,insomnia,1,40,2.5
Oseltamivir,mood swings,1,40,2.5
OsmoPrep,cramps,1,1,100.0
OsmoPrep,vomiting,1,1,100.0
OsmoPrep,weight gain,1,1,100.0
Ospemifene,bleeding,1,1,100.0
Ospemifene,headache,1,1,100.0
Osphena,depression,1,1,100.0
Otezla,headache,17,36,47.2
Otezla,nausea,11,36,30.6
Otezla,diarrhea,9,36,25.0
Otezla,depression,6,36,16.7
Otezla,fatigue,5,36,13.9
Otezla,anxiety,3,36,8.3
Otezla,bleeding,2,36,5.6
Otezla,acne,1,36,2.8
Otezla,vomiting,1,36,2.8
Oxaprozin,dizziness,1,2,50.0
Oxcarbazepine,fatigue,5,21,23.8
Oxcarbazepine,drowsiness,3,21,14.3
Oxcarbazepine,dizziness,2,21,9.5
Oxcarbazepine,nausea,2,21,9.5
Oxcarbazepine,bleeding,1,21,4.8
Oxcarbazepine,constipation,1,21,4.8
Oxcarbazepine,diarrhea,1,21,4.8
Oxcarbazepine,headache,1,21,4.8
Oxcarbazepine,insomnia,1,21,4.8
Oxcarbazepine,rash / itching,1,21,4.8
Oxcarbazepine,vomiting,1,21,4.8
OxyContin,constipation,1,7,14.3
OxyContin,insomnia,1,7,14.3
OxyContin,rash / itching,1,7,14.3
Oxybutynin,dry mouth,7,40,17.5
Oxybutynin,headache,4,40,10.0
Oxybutynin,constipation,3,40,7.5
Oxybutynin,dizziness,3,40,7.5
Oxybutynin,nausea,3,40,7.5
Oxybutynin,rash / itching,3,40,7.5
Oxybutynin,drowsiness,2,40,5.0
Oxybutynin,insomnia,2,40,5.0
Oxybutynin,anxiety,1,40,2.5
Oxybutynin,cramps,1,40,2.5
Oxybutynin,diarrhea,1,40,2.5
Oxybutynin,vomiting,1,40,2.5
Oxycodone,headache,6,37,16.2
Oxycodone,nausea,6,37,16.2
Oxycodone,dizziness,4,37,10.8
Oxycodone,constipation,3,37,8.1
Oxycodone,anxiety,2,37,5.4
Oxycodone,depression,1,37,2.7
Oxycodone,fatigue,1,37,2.7
Oxycodone,mood swings,1,37,2.7
Oxycodone,rash / itching,1,37,2.7
Oxymetazoline,acne,2,30,6.7
Oxymetazoline,anxiety,1,30,3.3
Oxymetazoline,fatigue,1,30,3.3
Oxymetazoline,insomnia,1,30,3.3
Oxymetazoline,rash / itching,1,30,3.3
Oxymorphone,anxiety,1,15,6.7
Oxymorphone,constipation,1,15,6.7
Oxymorphone,cramps,1,15,6.7
Oxymorphone,diarrhea,1,15,6.7
Oxymorphone,dizziness,1,15,6.7
Oxymorphone,headache,1,15,6.7
Oxymorphone,mood swings,1,15,6.7
Oxymorphone,vomiting,1,15,6.7
Oxytrol,rash / itching,1,4,25.0
Palbociclib,diarrhea,1,5,20.0
Palbociclib,fatigue,1,5,20.0
Palbociclib,nausea,1,5,20.0
Paliperidone,weight gain,9,25,36.0
Paliperidone,insomnia,4,25,16.0
Paliperidone,low libido,4,25,16.0
Paliperidone,drowsiness,2,25,8.0
Paliperidone,fatigue,2,25,8.0
Paliperidone,headache,2,25,8.0
Paliperidone,joint / muscle pain,2,25,8.0
Paliperidone,dizziness,1,25,4.0
Pamelor,headache,1,4,25.0
Pamelor,weight gain,1,4,25.0
Pancrelipase,headache,1,4,25.0
Pancrelipase,joint / muscle pain,1,4,25.0
Pantoprazole,headache,12,32,37.5
Pantoprazole,fatigue,4,32,12.5
Pantoprazole,vomiting,4,32,12.5
Pantoprazole,dizziness,3,32,9.4
Pantoprazole,dry mouth,3,32,9.4
Pantoprazole,nausea,3,32,9.4
Pantoprazole,constipation,2,32,6.2
Pantoprazole,cramps,2,32,6.2
Pantoprazole,insomnia,2,32,6.2
Pantoprazole,anxiety,1,32,3.1
Pantoprazole,bleeding,1,32,3.1
Pantoprazole,depression,1,32,3.1
Pantoprazole,diarrhea,1,32,3.1
Pantoprazole,drowsiness,1,32,3.1
Pantoprazole,rash / itching,1,32,3.1
ParaGard,cramps,28,84,33.3
ParaGard,bleeding,27,84,32.1
ParaGard,anxiety,12,84,14.3
ParaGard,fatigue,11,84,13.1
ParaGard,depression,10,84,11.9
ParaGard,headache,7,84,8.3
ParaGard,mood swings,7,84,8.3
ParaGard,weight gain,6,84,7.1
ParaGard,acne,5,84,6.0
ParaGard,hair loss,5,84,6.0
ParaGard,nausea,5,84,6.0
ParaGard,low libido,4,84,4.8
ParaGard,dizziness,3,84,3.6
ParaGard,heart palpitations,1,84,1.2
ParaGard,insomnia,1,84,1.2
ParaGard,joint / muscle pain,1,84,1.2
ParaGard,vomiting,1,84,1.2
Paremyd,depression,2,2,100.0
Parlodel,vomiting,2,2,100.0
Parlodel,fatigue,1,2,50.0
Parlodel,headache,1,2,50.0
Parlodel,nausea,1,2,50.0
Parnate,cramps,1,3,33.3
Parnate,diarrhea,1,3,33.3
Parnate,dry mouth,1,3,33.3
Parnate,heart palpitations,1,3,33.3
Parnate,low libido,1,3,33.3
Parnate,weight gain,1,3,33.3
Paroxetine,headache,10,106,9.4
Paroxetine,nausea,10,106,9.4
Paroxetine,weight gain,9,106,8.5
Paroxetine,low libido,8,106,7.5
Paroxetine,dizziness,6,106,5.7
Paroxetine,insomnia,6,106,5.7
Paroxetine,fatigue,5,106,4.7
Paroxetine,constipation,3,106,2.8
Paroxetine,drowsiness,3,106,2.8
Paroxetine,diarrhea,2,106,1.9
Paroxetine,anxiety,1,106,0.9
Paroxetine,cramps,1,106,0.9
Paroxetine,depression,1,106,0.9
Paroxetine,dry mouth,1,106,0.9
Paroxetine,heart palpitations,1,106,0.9
Paroxetine,rash / itching,1,106,0.9
Pataday,rash / itching,1,4,25.0
Paxil,nausea,9,57,15.8
Paxil,fatigue,8,57,14.0
Paxil,low libido,8,57,14.0
Paxil,weight gain,8,57,14.0
Paxil,dizziness,7,57,12.3
Paxil,headache,7,57,12.3
Paxil,insomnia,5,57,8.8
Paxil,drowsiness,3,57,5.3
Paxil,anxiety,1,57,1.8
Paxil,depression,1,57,1.8
Paxil,dry mouth,1,57,1.8
Paxil,heart palpitations,1,57,1.8
Paxil,mood swings,1,57,1.8
Paxil,rash / itching,1,57,1.8
Paxil,vomiting,1,57,1.8
Paxil CR,diarrhea,1,4,25.0
Paxil CR,dizziness,1,4,25.0
Paxil CR,dry mouth,1,4,25.0
Paxil CR,insomnia,1,4,25.0
Paxil CR,joint / muscle pain,1,4,25.0
Paxil CR,weight gain,1,4,25.0
Pazopanib,fatigue,1,3,33.3
Pazopanib,nausea,1,3,33.3
Pegasys,depression,1,1,100.0
Pegasys,fatigue,1,1,100.0
Pegfilgrastim,fatigue,1,5,20.0
Pegfilgrastim,rash / itching,1,5,20.0
Peginterferon alfa-2a,fatigue,1,2,50.0
Pembrolizumab,bleeding,1,4,25.0
Pentasa,fatigue,1,2,50.0
Pentasa,heart palpitations,1,2,50.0
Pentasa,vomiting,1,2,50.0
Pentazocine,headache,1,3,33.3
Pentosan polysulfate sodium,constipation,1,3,33.3
Pentosan polysulfate sodium,hair loss,1,3,33.3
Pentosan polysulfate sodium,headache,1,3,33.3
Pentosan polysulfate sodium,nausea,1,3,33.3
Perampanel,depression,3,4,75.0
Percocet,constipation,2,4,50.0
Percocet,nausea,2,4,50.0
Percocet,fatigue,1,4,25.0
Percocet,headache,1,4,25.0
Percocet,vomiting,1,4,25.0
Perindopril,anxiety,1,2,50.0
Perindopril,dizziness,1,2,50.0
Permethrin,rash / itching,2,5,40.0
Perphenazine,insomnia,1,1,100.0
Perphenazine,joint / muscle pain,1,1,100.0
Phenazopyridine,nausea,3,18,16.7
Phenazopyridine,vomiting,3,18,16.7
Phenazopyridine,bleeding,2,18,11.1
Phenazopyridine,cramps,2,18,11.1
Phenazopyridine,headache,2,18,11.1
Phenazopyridine,rash / itching,2,18,11.1
Phenazopyridine,dizziness,1,18,5.6
Phenazopyridine,drowsiness,1,18,5.6
Phendimetrazine,anxiety,1,9,11.1
Phendimetrazine,depression,1,9,11.1
Phendimetrazine,fatigue,1,9,11.1
Phendimetrazine,mood swings,1,9,11.1
Phenergan,nausea,3,7,42.9
Phenergan,drowsiness,2,7,28.6
Phenergan,fatigue,2,7,28.6
Phenergan,headache,1,7,14.3
Phentermine,dry mouth,14,89,15.7
Phentermine,insomnia,8,89,9.0
Phentermine,headache,7,89,7.9
Phentermine,dizziness,6,89,6.7
Phentermine,mood swings,6,89,6.7
Phentermine,constipation,5,89,5.6
Phentermine,fatigue,5,89,5.6
Phentermine,anxiety,4,89,4.5
Phentermine,depression,3,89,3.4
Phentermine,heart palpitations,2,89,2.2
Phentermine,rash / itching,2,89,2.2
Phentermine,drowsiness,1,89,1.1
Phentermine,nausea,1,89,1.1
Phentermine / topiramate,insomnia,9,34,26.5
Phentermine / topiramate,fatigue,6,34,17.6
Phentermine / topiramate,anxiety,4,34,11.8
Phentermine / topiramate,depression,4,34,11.8
Phentermine / topiramate,dizziness,3,34,8.8
Phentermine / topiramate,headache,3,34,8.8
Phentermine / topiramate,constipation,2,34,5.9
Phentermine / topiramate,dry mouth,2,34,5.9
Phentermine / topiramate,heart palpitations,2,34,5.9
Phentermine / topiramate,nausea,2,34,5.9
Phentermine / topiramate,hair loss,1,34,2.9
Phentermine / topiramate,mood swings,1,34,2.9
Phenylephrine,dizziness,1,6,16.7
Phenytoin,rash / itching,2,8,25.0
Phenytoin,fatigue,1,8,12.5
Phenytoin,headache,1,8,12.5
Phenytoin,mood swings,1,8,12.5
Phenytoin,weight gain,1,8,12.5
Phosphorated carbohydrate solution,rash / itching,1,1,100.0
Pimozide,anxiety,1,2,50.0
Pimozide,drowsiness,1,2,50.0
Pimozide,fatigue,1,2,50.0
Pimozide,weight gain,1,2,50.0
Pimtrea,acne,1,1,100.0
Pimtrea,headache,1,1,100.0
Pimtrea,mood swings,1,1,100.0
Pimtrea,nausea,1,1,100.0
Pimtrea,vomiting,1,1,100.0
Pindolol,anxiety,1,1,100.0
Pindolol,depression,1,1,100.0
Pioglitazone,weight gain,3,7,42.9
Pioglitazone,anxiety,1,7,14.3
Pioglitazone,fatigue,1,7,14.3
Pirmella 1 / 35,acne,1,1,100.0
Pitavastatin,cramps,1,6,16.7
Pitavastatin,depression,1,6,16.7
Pitavastatin,fatigue,1,6,16.7
Pitavastatin,headache,1,6,16.7
Pitavastatin,rash / itching,1,6,16.7
Plan B,bleeding,7,37,18.9
Plan B,nausea,6,37,16.2
Plan B,cramps,3,37,8.1
Plan B,dizziness,3,37,8.1
Plan B,fatigue,2,37,5.4
Plan B,headache,2,37,5.4
Plan B,insomnia,1,37,2.7
Plan B,rash / itching,1,37,2.7
Plan B,vomiting,1,37,2.7
Plan B One-Step,cramps,7,25,28.0
Plan B One-Step,mood swings,3,25,12.0
Plan B One-Step,nausea,3,25,12.0
Plan B One-Step,dizziness,2,25,8.0
Plan B One-Step,fatigue,2,25,8.0
Plan B One-Step,acne,1,25,4.0
Plan B One-Step,bleeding,1,25,4.0
Plan B One-Step,depression,1,25,4.0
Plan B One-Step,headache,1,25,4.0
Plan B One-Step,insomnia,1,25,4.0
Plan B One-Step,vomiting,1,25,4.0
Plaquenil,rash / itching,4,10,40.0
Plaquenil,diarrhea,2,10,20.0
Plaquenil,vomiting,2,10,20.0
Plaquenil,anxiety,1,10,10.0
Plaquenil,depression,1,10,10.0
Plaquenil,fatigue,1,10,10.0
Plaquenil,hair loss,1,10,10.0
Plaquenil,headache,1,10,10.0
Plaquenil,mood swings,1,10,10.0
Plaquenil,nausea,1,10,10.0
Plecanatide,diarrhea,3,6,50.0
Plecanatide,constipation,1,6,16.7
Plecanatide,cramps,1,6,16.7
Plecanatide,fatigue,1,6,16.7
Plecanatide,headache,1,6,16.7
Pletal,headache,1,1,100.0
Pneumococcal 23-polyvalent vaccine,rash / itching,1,3,33.3
Polidocanol,fatigue,1,1,100.0
Polidocanol,nausea,1,1,100.0
Polyethylene glycol 3350,cramps,3,10,30.0
Polyethylene glycol 3350,acne,1,10,10.0
Polyethylene glycol 3350,diarrhea,1,10,10.0
Polyethylene glycol 3350,fatigue,1,10,10.0
Polyethylene glycol 3350,nausea,1,10,10.0
Polyethylene glycol 3350,rash / itching,1,10,10.0
Polyethylene glycol 3350,vomiting,1,10,10.0
Polyethylene glycol 3350 with electrolytes,vomiting,9,40,22.5
Polyethylene glycol 3350 with electrolytes,nausea,5,40,12.5
Polyethylene glycol 3350 with electrolytes,cramps,2,40,5.0
Polyethylene glycol 3350 with electrolytes,headache,2,40,5.0
Polyethylene glycol 3350 with electrolytes,anxiety,1,40,2.5
Polyethylene glycol 3350 with electrolytes,fatigue,1,40,2.5
Polyethylene glycol 3350 with electrolytes,insomnia,1,40,2.5
Polyethylene glycol 3350 with electrolytes,rash / itching,1,40,2.5
Polymyxin b / trimethoprim,rash / itching,3,3,100.0
Polymyxin b / trimethoprim,headache,1,3,33.3
Portia,acne,5,14,35.7
Portia,cramps,4,14,28.6
Portia,depression,3,14,21.4
Portia,mood swings,3,14,21.4
Portia,weight gain,3,14,21.4
Portia,bleeding,2,14,14.3
Portia,low libido,2,14,14.3
Portia,anxiety,1,14,7.1
Portia,dizziness,1,14,7.1
Portia,drowsiness,1,14,7.1
Portia,headache,1,14,7.1
Portia,nausea,1,14,7.1
Potassium chloride,diarrhea,1,2,50.0
Potassium chloride,nausea,1,2,50.0
Praluent,fatigue,2,5,40.0
Praluent,depression,1,5,20.0
Praluent,heart palpitations,1,5,20.0
Pramipexole,drowsiness,3,23,13.0
Pramipexole,fatigue,2,23,8.7
Pramipexole,headache,2,23,8.7
Pramipexole,nausea,2,23,8.7
Pramipexole,anxiety,1,23,4.3
Pramipexole,dizziness,1,23,4.3
Pramipexole,insomnia,1,23,4.3
Pramipexole,joint / muscle pain,1,23,4.3
Pramipexole,vomiting,1,23,4.3
Prasugrel,bleeding,1,1,100.0
Pravastatin,joint / muscle pain,3,13,23.1
Pravastatin,anxiety,2,13,15.4
Pravastatin,dizziness,1,13,7.7
Pravastatin,fatigue,1,13,7.7
Pravastatin,weight gain,1,13,7.7
Prazosin,dizziness,4,21,19.0
Prazosin,headache,4,21,19.0
Prazosin,nausea,3,21,14.3
Prazosin,fatigue,2,21,9.5
Prazosin,insomnia,2,21,9.5
Prazosin,anxiety,1,21,4.8
Prazosin,drowsiness,1,21,4.8
Prazosin,weight gain,1,21,4.8
Prednisolone,headache,3,10,30.0
Prednisolone,anxiety,2,10,20.0
Prednisolone,nausea,2,10,20.0
Prednisolone,depression,1,10,10.0
Prednisolone,dizziness,1,10,10.0
Prednisolone,fatigue,1,10,10.0
Prednisolone,insomnia,1,10,10.0
Prednisolone,joint / muscle pain,1,10,10.0
Prednisolone,vomiting,1,10,10.0
Prednisone,anxiety,8,64,12.5
Prednisone,depression,6,64,9.4
Prednisone,weight gain,6,64,9.4
Prednisone,rash / itching,5,64,7.8
Prednisone,nausea,4,64,6.2
Prednisone,insomnia,3,64,4.7
Prednisone,joint / muscle pain,3,64,4.7
Prednisone,mood swings,3,64,4.7
Prednisone,bleeding,2,64,3.1
Prednisone,diarrhea,2,64,3.1
Prednisone,headache,2,64,3.1
Prednisone,constipation,1,64,1.6
Prednisone,cramps,1,64,1.6
Prednisone,dizziness,1,64,1.6
Prednisone,drowsiness,1,64,1.6
Prednisone,dry mouth,1,64,1.6
Prednisone,heart palpitations,1,64,1.6
Prednisone,vomiting,1,64,1.6
Pregabalin,weight gain,14,97,14.4
Pregabalin,anxiety,10,97,10.3
Pregabalin,depression,9,97,9.3
Pregabalin,headache,9,97,9.3
Pregabalin,drowsiness,7,97,7.2
Pregabalin,dizziness,6,97,6.2
Pregabalin,fatigue,6,97,6.2
Pregabalin,insomnia,5,97,5.2
Pregabalin,joint / muscle pain,3,97,3.1
Pregabalin,nausea,3,97,3.1
Pregabalin,acne,1,97,1.0
Pregabalin,cramps,1,97,1.0
Pregabalin,dry mouth,1,97,1.0
Pregabalin,heart palpitations,1,97,1.0
Pregabalin,mood swings,1,97,1.0
Pregabalin,vomiting,1,97,1.0
Premarin,dizziness,2,3,66.7
Premarin,nausea,1,3,33.3
Prempro,acne,2,3,66.7
Prempro,bleeding,1,3,33.3
Prempro,cramps,1,3,33.3
Prempro,mood swings,1,3,33.3
Prempro,weight gain,1,3,33.3
Prenatal Plus,nausea,1,1,100.0
Prepopik,nausea,4,23,17.4
Prepopik,cramps,2,23,8.7
Prepopik,vomiting,2,23,8.7
Prepopik,fatigue,1,23,4.3
Prevacid,dizziness,1,5,20.0
Prevacid,headache,1,5,20.0
Previfem,acne,2,3,66.7
Previfem,weight gain,2,3,66.7
Previfem,nausea,1,3,33.3
Prevnar 13,drowsiness,1,3,33.3
Prevnar 13,joint / muscle pain,1,3,33.3
Prevnar 13,rash / itching,1,3,33.3
Prevnar 13,vomiting,1,3,33.3
Prevpac,nausea,1,2,50.0
Prevpac,rash / itching,1,2,50.0
Prilosec,cramps,1,3,33.3
Primidone,dizziness,3,18,16.7
Primidone,fatigue,3,18,16.7
Primidone,nausea,3,18,16.7
Primidone,anxiety,1,18,5.6
Prinivil,joint / muscle pain,1,2,50.0
Pristiq,headache,13,70,18.6
Pristiq,insomnia,12,70,17.1
Pristiq,fatigue,9,70,12.9
Pristiq,nausea,9,70,12.9
Pristiq,dizziness,4,70,5.7
Pristiq,weight gain,4,70,5.7
Pristiq,constipation,3,70,4.3
Pristiq,diarrhea,3,70,4.3
Pristiq,low libido,3,70,4.3
Pristiq,vomiting,3,70,4.3
Pristiq,heart palpitations,2,70,2.9
Pristiq,cramps,1,70,1.4
Pristiq,depression,1,70,1.4
Pristiq,drowsiness,1,70,1.4
Pristiq,dry mouth,1,70,1.4
Pristiq,rash / itching,1,70,1.4
Pro-Den Rx,dry mouth,1,1,100.0
ProAir RespiClick,anxiety,1,22,4.5
ProAir RespiClick,heart palpitations,1,22,4.5
ProAir RespiClick,nausea,1,22,4.5
ProAmatine,rash / itching,1,2,50.0
Procardia,dizziness,1,1,100.0
Procardia,headache,1,1,100.0
Procardia,heart palpitations,1,1,100.0
Prochlorperazine,anxiety,19,32,59.4
Prochlorperazine,headache,14,32,43.8
Prochlorperazine,dizziness,3,32,9.4
Prochlorperazine,drowsiness,2,32,6.2
Prochlorperazine,fatigue,2,32,6.2
Prochlorperazine,diarrhea,1,32,3.1
Prochlorperazine,dry mouth,1,32,3.1
Prochlorperazine,insomnia,1,32,3.1
Prochlorperazine,mood swings,1,32,3.1
Prochlorperazine,rash / itching,1,32,3.1
Procyclidine,anxiety,1,3,33.3
Procyclidine,heart palpitations,1,3,33.3
Procyclidine,nausea,1,3,33.3
Proferrin-ES,dizziness,1,1,100.0
Proferrin-ES,fatigue,1,1,100.0
Proferrin-ES,nausea,1,1,100.0
Progesterone,dizziness,2,4,50.0
Progesterone,headache,2,4,50.0
Progesterone,bleeding,1,4,25.0
Progesterone,depression,1,4,25.0
Progesterone,drowsiness,1,4,25.0
Prograf,weight gain,1,1,100.0
Prolia,fatigue,5,20,25.0
Prolia,headache,4,20,20.0
Prolia,rash / itching,4,20,20.0
Prolia,insomnia,3,20,15.0
Prolia,nausea,3,20,15.0
Prolia,cramps,2,20,10.0
Prolia,hair loss,2,20,10.0
Prolia,weight gain,2,20,10.0
Promethazine,drowsiness,2,17,11.8
Promethazine,nausea,2,17,11.8
Promethazine,anxiety,1,17,5.9
Promethazine,dizziness,1,17,5.9
Promethazine,heart palpitations,1,17,5.9
Promethazine,insomnia,1,17,5.9
Propafenone,anxiety,1,3,33.3
Propafenone,hair loss,1,3,33.3
Propafenone,insomnia,1,3,33.3
Propafenone,weight gain,1,3,33.3
Propecia,diarrhea,1,2,50.0
Propecia,vomiting,1,2,50.0
Propofol,headache,8,44,18.2
Propofol,depression,3,44,6.8
Propofol,drowsiness,3,44,6.8
Propofol,fatigue,3,44,6.8
Propofol,insomnia,3,44,6.8
Propofol,nausea,3,44,6.8
Propofol,vomiting,3,44,6.8
Propofol,cramps,2,44,4.5
Propofol,heart palpitations,2,44,4.5
Propofol,anxiety,1,44,2.3
Propofol,bleeding,1,44,2.3
Propofol,rash / itching,1,44,2.3
Propranolol,fatigue,9,53,17.0
Propranolol,insomnia,6,53,11.3
Propranolol,anxiety,5,53,9.4
Propranolol,dizziness,5,53,9.4
Propranolol,depression,4,53,7.5
Propranolol,weight gain,4,53,7.5
Propranolol,heart palpitations,3,53,5.7
Propranolol,diarrhea,2,53,3.8
Propranolol,acne,1,53,1.9
Propranolol,constipation,1,53,1.9
Propranolol,cramps,1,53,1.9
Propranolol,drowsiness,1,53,1.9
Propranolol,hair loss,1,53,1.9
Propranolol,headache,1,53,1.9
Propranolol,joint / muscle pain,1,53,1.9
Propranolol,nausea,1,53,1.9
Proscar,fatigue,1,1,100.0
Protonix,anxiety,2,4,50.0
Protonix,dizziness,1,4,25.0
Protonix,headache,1,4,25.0
Protonix,heart palpitations,1,4,25.0
Protonix,insomnia,1,4,25.0
Protonix,nausea,1,4,25.0
Provera,cramps,10,18,55.6
Provera,diarrhea,1,18,5.6
Provera,fatigue,1,18,5.6
Provera,insomnia,1,18,5.6
Provera,nausea,1,18,5.6
Provera,weight gain,1,18,5.6
Provigil,headache,4,10,40.0
Provigil,dry mouth,2,10,20.0
Provigil,nausea,2,10,20.0
Provigil,depression,1,10,10.0
Provigil,diarrhea,1,10,10.0
Provigil,mood swings,1,10,10.0
Prozac,fatigue,4,49,8.2
Prozac,dizziness,3,49,6.1
Prozac,low libido,3,49,6.1
Prozac,diarrhea,2,49,4.1
Prozac,insomnia,2,49,4.1
Prozac,weight gain,2,49,4.1
Prozac,anxiety,1,49,2.0
Prozac,depression,1,49,2.0
Prozac,drowsiness,1,49,2.0
Prozac,headache,1,49,2.0
Prozac,heart palpitations,1,49,2.0
Prozac,nausea,1,49,2.0
Pseudoephedrine,anxiety,1,10,10.0
Pseudoephedrine,drowsiness,1,10,10.0
Pseudoephedrine,nausea,1,10,10.0
Psyllium,mood swings,1,3,33.3
Psyllium,weight gain,1,3,33.3
Pulmicort Flexhaler,weight gain,1,1,100.0
Pulmicort Turbuhaler,dizziness,1,1,100.0
Pulmicort Turbuhaler,headache,1,1,100.0
Pylera,nausea,4,7,57.1
Pylera,diarrhea,2,7,28.6
Pylera,headache,2,7,28.6
Pylera,constipation,1,7,14.3
Pylera,dizziness,1,7,14.3
Pylera,dry mouth,1,7,14.3
Pylera,fatigue,1,7,14.3
Pylera,mood swings,1,7,14.3
Pylera,rash / itching,1,7,14.3
Pylera,vomiting,1,7,14.3
Pyridium,rash / itching,1,4,25.0
Pyridium,vomiting,1,4,25.0
Pyridostigmine,constipation,1,4,25.0
Pyridostigmine,diarrhea,1,4,25.0
Pyridostigmine,headache,1,4,25.0
Qsymia,depression,5,36,13.9
Qsymia,dry mouth,5,36,13.9
Qsymia,insomnia,5,36,13.9
Qsymia,anxiety,4,36,11.1
Qsymia,headache,4,36,11.1
Qsymia,fatigue,3,36,8.3
Qsymia,mood swings,2,36,5.6
Qsymia,rash / itching,2,36,5.6
Qsymia,cramps,1,36,2.8
Qsymia,hair loss,1,36,2.8
Qsymia,heart palpitations,1,36,2.8
Quasense,depression,4,9,44.4
Quasense,mood swings,3,9,33.3
Quasense,acne,2,9,22.2
Quasense,bleeding,2,9,22.2
Quasense,cramps,2,9,22.2
Quasense,low libido,2,9,22.2
Quasense,anxiety,1,9,11.1
Quasense,weight gain,1,9,11.1
Questran,dizziness,1,1,100.0
Questran,rash / itching,1,1,100.0
Quetiapine,weight gain,25,140,17.9
Quetiapine,drowsiness,18,140,12.9
Quetiapine,insomnia,16,140,11.4
Quetiapine,fatigue,14,140,10.0
Quetiapine,headache,7,140,5.0
Quetiapine,dizziness,6,140,4.3
Quetiapine,anxiety,5,140,3.6
Quetiapine,depression,4,140,2.9
Quetiapine,constipation,3,140,2.1
Quetiapine,cramps,2,140,1.4
Quetiapine,dry mouth,2,140,1.4
Quetiapine,heart palpitations,1,140,0.7
Quetiapine,low libido,1,140,0.7
Quetiapine,nausea,1,140,0.7
Quetiapine,vomiting,1,140,0.7
Quinapril,dizziness,1,1,100.0
Quinapril,fatigue,1,1,100.0
Quinine,diarrhea,1,1,100.0
Qvar,headache,3,12,25.0
Qvar,fatigue,2,12,16.7
Qvar,heart palpitations,1,12,8.3
Qvar,joint / muscle pain,1,12,8.3
Qvar,nausea,1,12,8.3
Rabeprazole,anxiety,1,4,25.0
Rabeprazole,diarrhea,1,4,25.0
Rabeprazole,dizziness,1,4,25.0
Rabeprazole,vomiting,1,4,25.0
Ramelteon,depression,2,18,11.1
Ramelteon,drowsiness,2,18,11.1
Ramelteon,anxiety,1,18,5.6
Ramelteon,headache,1,18,5.6
Ramelteon,mood swings,1,18,5.6
Ramelteon,nausea,1,18,5.6
Ramelteon,weight gain,1,18,5.6
Ramipril,rash / itching,3,11,27.3
Ramipril,diarrhea,1,11,9.1
Ramipril,headache,1,11,9.1
Ramipril,joint / muscle pain,1,11,9.1
Ramipril,mood swings,1,11,9.1
Ranexa,diarrhea,1,2,50.0
Ranexa,dizziness,1,2,50.0
Ranexa,nausea,1,2,50.0
Ranitidine,headache,2,13,15.4
Ranitidine,nausea,2,13,15.4
Ranitidine,anxiety,1,13,7.7
Ranitidine,dizziness,1,13,7.7
Ranitidine,drowsiness,1,13,7.7
Ranitidine,heart palpitations,1,13,7.7
Ranitidine,rash / itching,1,13,7.7
Ranolazine,anxiety,1,8,12.5
Ranolazine,bleeding,1,8,12.5
Ranolazine,constipation,1,8,12.5
Ranolazine,diarrhea,1,8,12.5
Ranolazine,dizziness,1,8,12.5
Rapaflo,diarrhea,1,8,12.5
Rapaflo,headache,1,8,12.5
Rapaflo,low libido,1,8,12.5
Rasagiline,bleeding,1,3,33.3
Rasagiline,dizziness,1,3,33.3
Rasagiline,headache,1,3,33.3
Rebif,headache,1,2,50.0
Rebif,nausea,1,2,50.0
Reclast,diarrhea,1,3,33.3
Reclast,fatigue,1,3,33.3
Reclast,joint / muscle pain,1,3,33.3
Reclast,nausea,1,3,33.3
Reclast,vomiting,1,3,33.3
Reclipsen,mood swings,9,22,40.9
Reclipsen,acne,8,22,36.4
Reclipsen,anxiety,8,22,36.4
Reclipsen,weight gain,7,22,31.8
Reclipsen,cramps,6,22,27.3
Reclipsen,depression,6,22,27.3
Reclipsen,headache,6,22,27.3
Reclipsen,low libido,6,22,27.3
Reclipsen,nausea,5,22,22.7
Reclipsen,fatigue,3,22,13.6
Reclipsen,bleeding,1,22,4.5
Reclipsen,dizziness,1,22,4.5
Reclipsen,hair loss,1,22,4.5
Rectiv,headache,1,1,100.0
Regadenoson,joint / muscle pain,1,2,50.0
Reglan,anxiety,14,37,37.8
Reglan,depression,7,37,18.9
Reglan,drowsiness,4,37,10.8
Reglan,headache,2,37,5.4
Reglan,insomnia,2,37,5.4
Reglan,nausea,2,37,5.4
Reglan,vomiting,2,37,5.4
Reglan,cramps,1,37,2.7
Reglan,diarrhea,1,37,2.7
Reglan,rash / itching,1,37,2.7
Relistor,cramps,1,5,20.0
Relpax,nausea,2,5,40.0
Relpax,drowsiness,1,5,20.0
Remeron,drowsiness,1,8,12.5
Remeron,fatigue,1,8,12.5
Remeron,insomnia,1,8,12.5
Remeron,weight gain,1,8,12.5
Remeron SolTab,weight gain,1,1,100.0
Remicade,fatigue,1,11,9.1
Remicade,rash / itching,1,11,9.1
Remodulin,depression,1,1,100.0
Remodulin,dizziness,1,1,100.0
Remodulin,nausea,1,1,100.0
Renvela,nausea,1,2,50.0
Renvela,rash / itching,1,2,50.0
Renvela,weight gain,1,2,50.0
Repatha,diarrhea,3,11,27.3
Repatha,fatigue,3,11,27.3
Repatha,cramps,1,11,9.1
Repatha,joint / muscle pain,1,11,9.1
Repatha,nausea,1,11,9.1
Repatha,vomiting,1,11,9.1
Requip,nausea,2,15,13.3
Requip,vomiting,2,15,13.3
Requip,anxiety,1,15,6.7
Requip,dizziness,1,15,6.7
Requip,fatigue,1,15,6.7
Requip,headache,1,15,6.7
Requip,insomnia,1,15,6.7
Restasis,dizziness,1,9,11.1
Restasis,headache,1,9,11.1
Restasis,rash / itching,1,9,11.1
Retapamulin,insomnia,1,1,100.0
Revatio,diarrhea,1,2,50.0
Rexulti,fatigue,4,16,25.0
Rexulti,dizziness,2,16,12.5
Rexulti,weight gain,2,16,12.5
Rexulti,drowsiness,1,16,6.2
Rexulti,insomnia,1,16,6.2
Rheumatrex Dose Pack,fatigue,1,1,100.0
Rheumatrex Dose Pack,mood swings,1,1,100.0
Rheumatrex Dose Pack,nausea,1,1,100.0
Rhofade,acne,1,3,33.3
Ribavirin,fatigue,2,3,66.7
Ribavirin,anxiety,1,3,33.3
Ribavirin,cramps,1,3,33.3
Ribavirin,depression,1,3,33.3
Ribavirin,insomnia,1,3,33.3
Ribavirin,joint / muscle pain,1,3,33.3
Ribavirin,mood swings,1,3,33.3
Ribavirin,nausea,1,3,33.3
Ribavirin,rash / itching,1,3,33.3
Riboflavin,anxiety,1,2,50.0
Riboflavin,diarrhea,1,2,50.0
Rifabutin,fatigue,1,1,100.0
Rifampin,cramps,1,2,50.0
Rifampin,diarrhea,1,2,50.0
Rifampin,dizziness,1,2,50.0
Rifampin,fatigue,1,2,50.0
Rifampin,headache,1,2,50.0
Rifampin,joint / muscle pain,1,2,50.0
Rifampin,nausea,1,2,50.0
Rifampin,vomiting,1,2,50.0
Rifaximin,cramps,2,14,14.3
Rifaximin,fatigue,1,14,7.1
Rifaximin,insomnia,1,14,7.1
Rifaximin,nausea,1,14,7.1
Rifaximin,vomiting,1,14,7.1
Riociguat,weight gain,1,1,100.0
Risedronate,diarrhea,1,8,12.5
Risedronate,insomnia,1,8,12.5
Risedronate,joint / muscle pain,1,8,12.5
Risedronate,vomiting,1,8,12.5
Risperdal,weight gain,3,24,12.5
Risperdal,constipation,1,24,4.2
Risperdal,dry mouth,1,24,4.2
Risperdal,fatigue,1,24,4.2
Risperdal,heart palpitations,1,24,4.2
Risperdal,insomnia,1,24,4.2
Risperidone,weight gain,15,77,19.5
Risperidone,fatigue,5,77,6.5
Risperidone,dizziness,4,77,5.2
Risperidone,low libido,3,77,3.9
Risperidone,anxiety,2,77,2.6
Risperidone,drowsiness,2,77,2.6
Risperidone,dry mouth,2,77,2.6
Risperidone,headache,2,77,2.6
Risperidone,mood swings,2,77,2.6
Risperidone,nausea,2,77,2.6
Risperidone,cramps,1,77,1.3
Risperidone,hair loss,1,77,1.3
Risperidone,insomnia,1,77,1.3
Risperidone,rash / itching,1,77,1.3
Risperidone,vomiting,1,77,1.3
Ritalin,drowsiness,2,11,18.2
Ritalin,anxiety,1,11,9.1
Ritalin,depression,1,11,9.1
Ritalin,mood swings,1,11,9.1
Ritalin,nausea,1,11,9.1
Ritalin,weight gain,1,11,9.1
Rituximab,rash / itching,3,7,42.9
Rituximab,headache,1,7,14.3
Rituximab,heart palpitations,1,7,14.3
Rituximab,nausea,1,7,14.3
Rivaroxaban,fatigue,4,16,25.0
Rivaroxaban,headache,4,16,25.0
Rivaroxaban,rash / itching,3,16,18.8
Rivaroxaban,anxiety,2,16,12.5
Rivaroxaban,bleeding,2,16,12.5
Rivaroxaban,weight gain,2,16,12.5
Rivaroxaban,depression,1,16,6.2
Rivaroxaban,dizziness,1,16,6.2
Rivaroxaban,hair loss,1,16,6.2
Rivaroxaban,vomiting,1,16,6.2
Rizatriptan,nausea,2,5,40.0
Rizatriptan,dizziness,1,5,20.0
Rizatriptan,drowsiness,1,5,20.0
Rizatriptan,vomiting,1,5,20.0
Robaxin,insomnia,2,7,28.6
Robaxin,nausea,2,7,28.6
Robaxin,anxiety,1,7,14.3
Robaxin,diarrhea,1,7,14.3
Robaxin,dizziness,1,7,14.3
Robaxin,headache,1,7,14.3
Rocephin,depression,1,3,33.3
Rocephin,diarrhea,1,3,33.3
Rocephin,headache,1,3,33.3
Rocephin,insomnia,1,3,33.3
Rocephin,nausea,1,3,33.3
Roflumilast,diarrhea,2,5,40.0
Roflumilast,nausea,2,5,40.0
Roflumilast,headache,1,5,20.0
Roflumilast,insomnia,1,5,20.0
Ropinirole,nausea,12,40,30.0
Ropinirole,vomiting,7,40,17.5
Ropinirole,fatigue,4,40,10.0
Ropinirole,insomnia,3,40,7.5
Ropinirole,anxiety,2,40,5.0
Ropinirole,cramps,2,40,5.0
Ropinirole,dizziness,2,40,5.0
Ropinirole,depression,1,40,2.5
Ropinirole,drowsiness,1,40,2.5
Ropinirole,headache,1,40,2.5
Ropinirole,heart palpitations,1,40,2.5
Ropinirole,rash / itching,1,40,2.5
Rosuvastatin,cramps,4,14,28.6
Rosuvastatin,joint / muscle pain,4,14,28.6
Rosuvastatin,weight gain,3,14,21.4
Rosuvastatin,headache,2,14,14.3
Rosuvastatin,depression,1,14,7.1
Rosuvastatin,fatigue,1,14,7.1
Rosuvastatin,heart palpitations,1,14,7.1
Rosuvastatin,insomnia,1,14,7.1
Rosuvastatin,nausea,1,14,7.1
Rotigotine,fatigue,1,1,100.0
Rotigotine,insomnia,1,1,100.0
Rowasa,hair loss,1,1,100.0
Roxicet,headache,1,4,25.0
Rozerem,drowsiness,6,16,37.5
Rozerem,dizziness,4,16,25.0
Rozerem,depression,2,16,12.5
Rozerem,fatigue,2,16,12.5
Rozerem,anxiety,1,16,6.2
Rozerem,diarrhea,1,16,6.2
Rytary,anxiety,2,5,40.0
Rytary,cramps,1,5,20.0
Rytary,depression,1,5,20.0
Rytary,mood swings,1,5,20.0
Rytary,nausea,1,5,20.0
Rytary,vomiting,1,5,20.0
Ryzolt,nausea,1,2,50.0
Ryzolt,vomiting,1,2,50.0
S-adenosylmethionine,dizziness,1,2,50.0
S-adenosylmethionine,nausea,1,2,50.0
S-adenosylmethionine,vomiting,1,2,50.0
SMZ-TMP DS,diarrhea,1,7,14.3
SMZ-TMP DS,nausea,1,7,14.3
SMZ-TMP DS,vomiting,1,7,14.3
Sacubitril / valsartan,dizziness,1,5,20.0
Sacubitril / valsartan,fatigue,1,5,20.0
Safyral,mood swings,5,11,45.5
Safyral,cramps,4,11,36.4
Safyral,acne,3,11,27.3
Safyral,weight gain,3,11,27.3
Safyral,bleeding,2,11,18.2
Safyral,depression,2,11,18.2
Safyral,nausea,2,11,18.2
Safyral,anxiety,1,11,9.1
Safyral,headache,1,11,9.1
Salicylic acid,rash / itching,1,1,100.0
Salmeterol,dizziness,1,1,100.0
Sandostatin,hair loss,1,1,100.0
Sandostatin,nausea,1,1,100.0
Sandostatin,rash / itching,1,1,100.0
Saphris,fatigue,5,28,17.9
Saphris,insomnia,5,28,17.9
Saphris,drowsiness,3,28,10.7
Saphris,dizziness,2,28,7.1
Saphris,headache,2,28,7.1
Saphris,vomiting,2,28,7.1
Saphris,cramps,1,28,3.6
Saphris,diarrhea,1,28,3.6
Saphris,nausea,1,28,3.6
Saphris,rash / itching,1,28,3.6
Saphris,weight gain,1,28,3.6
Savaysa,bleeding,1,1,100.0
Savella,nausea,8,32,25.0
Savella,headache,6,32,18.8
Savella,insomnia,5,32,15.6
Savella,anxiety,4,32,12.5
Savella,dizziness,4,32,12.5
Savella,depression,3,32,9.4
Savella,heart palpitations,3,32,9.4
Savella,mood swings,3,32,9.4
Savella,constipation,2,32,6.2
Savella,fatigue,2,32,6.2
Savella,joint / muscle pain,2,32,6.2
Savella,weight gain,2,32,6.2
Savella,bleeding,1,32,3.1
Savella,vomiting,1,32,3.1
Saxagliptin,fatigue,1,2,50.0
Saxagliptin,headache,1,2,50.0
Saxagliptin,joint / muscle pain,1,2,50.0
Saxenda,nausea,14,34,41.2
Saxenda,vomiting,6,34,17.6
Saxenda,fatigue,4,34,11.8
Saxenda,diarrhea,3,34,8.8
Saxenda,headache,3,34,8.8
Saxenda,rash / itching,2,34,5.9
Saxenda,dizziness,1,34,2.9
Scopolamine,dizziness,6,17,35.3
Scopolamine,dry mouth,4,17,23.5
Scopolamine,nausea,4,17,23.5
Scopolamine,headache,3,17,17.6
Seasonale,bleeding,4,7,57.1
Seasonale,cramps,2,7,28.6
Seasonale,acne,1,7,14.3
Seasonale,depression,1,7,14.3
Seasonale,low libido,1,7,14.3
Seasonique,bleeding,29,65,44.6
Seasonique,cramps,20,65,30.8
Seasonique,acne,11,65,16.9
Seasonique,weight gain,11,65,16.9
Seasonique,headache,8,65,12.3
Seasonique,mood swings,8,65,12.3
Seasonique,low libido,7,65,10.8
Seasonique,anxiety,5,65,7.7
Seasonique,depression,4,65,6.2
Seasonique,nausea,4,65,6.2
Seasonique,fatigue,2,65,3.1
Seasonique,hair loss,2,65,3.1
Seasonique,heart palpitations,2,65,3.1
Seasonique,constipation,1,65,1.5
Seasonique,diarrhea,1,65,1.5
Seasonique,dizziness,1,65,1.5
Seasonique,drowsiness,1,65,1.5
Secukinumab,acne,1,9,11.1
Secukinumab,diarrhea,1,9,11.1
Secukinumab,dizziness,1,9,11.1
Secukinumab,fatigue,1,9,11.1
Secukinumab,joint / muscle pain,1,9,11.1
Secukinumab,nausea,1,9,11.1
Selegiline,insomnia,1,2,50.0
Senna,cramps,3,12,25.0
Senna,diarrhea,3,12,25.0
Senna,dizziness,1,12,8.3
Senna,headache,1,12,8.3
Senna,nausea,1,12,8.3
Senna Lax,nausea,1,2,50.0
Senokot,cramps,1,5,20.0
Senokot,diarrhea,1,5,20.0
Senokot,nausea,1,5,20.0
Senokot,rash / itching,1,5,20.0
Septra,headache,1,2,50.0
Septra,rash / itching,1,2,50.0
Septra DS,rash / itching,2,3,66.7
Septra DS,vomiting,1,3,33.3
Seroquel,weight gain,6,33,18.2
Seroquel,drowsiness,3,33,9.1
Seroquel,fatigue,2,33,6.1
Seroquel,insomnia,2,33,6.1
Seroquel,anxiety,1,33,3.0
Seroquel XR,weight gain,3,16,18.8
Seroquel XR,drowsiness,2,16,12.5
Seroquel XR,fatigue,2,16,12.5
Seroquel XR,insomnia,2,16,12.5
Seroquel XR,diarrhea,1,16,6.2
Seroquel XR,dizziness,1,16,6.2
Seroquel XR,rash / itching,1,16,6.2
Sertraline,nausea,26,237,11.0
Sertraline,fatigue,25,237,10.5
Sertraline,insomnia,20,237,8.4
Sertraline,headache,17,237,7.2
Sertraline,dizziness,15,237,6.3
Sertraline,diarrhea,13,237,5.5
Sertraline,weight gain,9,237,3.8
Sertraline,low libido,8,237,3.4
Sertraline,drowsiness,6,237,2.5
Sertraline,vomiting,5,237,2.1
Sertraline,heart palpitations,4,237,1.7
Sertraline,constipation,3,237,1.3
Sertraline,dry mouth,3,237,1.3
Sertraline,rash / itching,3,237,1.3
Sertraline,acne,2,237,0.8
Sertraline,cramps,2,237,0.8
Sertraline,joint / muscle pain,2,237,0.8
Sertraline,anxiety,1,237,0.4
Sertraline,depression,1,237,0.4
Sharobel,bleeding,4,4,100.0
Sharobel,cramps,2,4,50.0
Sharobel,weight gain,1,4,25.0
Sildenafil,headache,2,14,14.3
Sildenafil,bleeding,1,14,7.1
Sildenafil,insomnia,1,14,7.1
Silenor,fatigue,3,17,17.6
Silenor,anxiety,1,17,5.9
Silodosin,fatigue,2,16,12.5
Silodosin,dizziness,1,16,6.2
Silodosin,dry mouth,1,16,6.2
Silodosin,hair loss,1,16,6.2
Silodosin,headache,1,16,6.2
Silodosin,joint / muscle pain,1,16,6.2
Silodosin,low libido,1,16,6.2
Simcor,rash / itching,1,1,100.0
Simponi,diarrhea,2,7,28.6
Simponi,bleeding,1,7,14.3
Simponi,cramps,1,7,14.3
Simponi,fatigue,1,7,14.3
Simponi,nausea,1,7,14.3
Simponi Aria,fatigue,1,1,100.0
Simvastatin,headache,5,35,14.3
Simvastatin,cramps,4,35,11.4
Simvastatin,depression,4,35,11.4
Simvastatin,joint / muscle pain,3,35,8.6
Simvastatin,drowsiness,2,35,5.7
Simvastatin,fatigue,2,35,5.7
Simvastatin,insomnia,2,35,5.7
Simvastatin,anxiety,1,35,2.9
Simvastatin,heart palpitations,1,35,2.9
Simvastatin,rash / itching,1,35,2.9
Sinemet,depression,1,1,100.0
Sinemet,mood swings,1,1,100.0
Singulair,anxiety,5,16,31.2
Singulair,fatigue,3,16,18.8
Singulair,rash / itching,2,16,12.5
Singulair,cramps,1,16,6.2
Singulair,depression,1,16,6.2
Singulair,drowsiness,1,16,6.2
Singulair,headache,1,16,6.2
Singulair,heart palpitations,1,16,6.2
Singulair,mood swings,1,16,6.2
Singulair,nausea,1,16,6.2
Sipuleucel-T,fatigue,1,1,100.0
Sitagliptin,nausea,3,13,23.1
Sitagliptin,anxiety,1,13,7.7
Sitagliptin,constipation,1,13,7.7
Sitagliptin,diarrhea,1,13,7.7
Sitagliptin,dizziness,1,13,7.7
Sitagliptin,fatigue,1,13,7.7
Sitagliptin,vomiting,1,13,7.7
Skelaxin,cramps,1,7,14.3
Skelaxin,drowsiness,1,7,14.3
Sklice,rash / itching,1,4,25.0
Skyla,cramps,69,98,70.4
Skyla,bleeding,38,98,38.8
Skyla,acne,13,98,13.3
Skyla,mood swings,12,98,12.2
Skyla,weight gain,11,98,11.2
Skyla,low libido,10,98,10.2
Skyla,nausea,8,98,8.2
Skyla,depression,6,98,6.1
Skyla,fatigue,6,98,6.1
Skyla,vomiting,6,98,6.1
Skyla,anxiety,5,98,5.1
Skyla,dizziness,5,98,5.1
Skyla,headache,3,98,3.1
Skyla,hair loss,2,98,2.0
Skyla,diarrhea,1,98,1.0
Skyla,joint / muscle pain,1,98,1.0
Sodium biphosphate / sodium phosphate,cramps,2,2,100.0
Sodium biphosphate / sodium phosphate,bleeding,1,2,50.0
Sodium biphosphate / sodium phosphate,headache,1,2,50.0
Sodium biphosphate / sodium phosphate,vomiting,1,2,50.0
Sodium chloride,headache,2,5,40.0
Sodium hyaluronate,headache,2,31,6.5
Sodium hyaluronate,nausea,2,31,6.5
Sodium hyaluronate,dizziness,1,31,3.2
Sodium oxybate,dizziness,1,4,25.0
Sodium oxybate,vomiting,1,4,25.0
Sofosbuvir,fatigue,1,5,20.0
Sofosbuvir,rash / itching,1,5,20.0
Sofosbuvir / velpatasvir,cramps,1,3,33.3
Sofosbuvir / velpatasvir,fatigue,1,3,33.3
Sofosbuvir / velpatasvir,headache,1,3,33.3
Sofosbuvir / velpatasvir,mood swings,1,3,33.3
Sofosbuvir / velpatasvir,nausea,1,3,33.3
Solifenacin,dry mouth,4,18,22.2
Solifenacin,constipation,3,18,16.7
Solifenacin,fatigue,2,18,11.1
Solifenacin,headache,2,18,11.1
Solifenacin,diarrhea,1,18,5.6
Solifenacin,dizziness,1,18,5.6
Solifenacin,drowsiness,1,18,5.6
Solifenacin,nausea,1,18,5.6
Solodyn,fatigue,3,12,25.0
Solodyn,hair loss,1,12,8.3
Solodyn,headache,1,12,8.3
Solodyn,joint / muscle pain,1,12,8.3
Solodyn,mood swings,1,12,8.3
Solodyn,nausea,1,12,8.3
Solodyn,rash / itching,1,12,8.3
Soma,dizziness,1,3,33.3
Soma,fatigue,1,3,33.3
Sominex,fatigue,3,3,100.0
Sonata,anxiety,1,8,12.5
Sonata,headache,1,8,12.5
Sonata,joint / muscle pain,1,8,12.5
Sonata,mood swings,1,8,12.5
Soolantra,acne,2,8,25.0
Soolantra,rash / itching,1,8,12.5
Sorafenib,rash / itching,1,2,50.0
Sotalol,fatigue,3,7,42.9
Sotalol,nausea,2,7,28.6
Sotalol,anxiety,1,7,14.3
Sotalol,depression,1,7,14.3
Sotalol,dizziness,1,7,14.3
Sotalol,joint / muscle pain,1,7,14.3
Sotalol,weight gain,1,7,14.3
Spectracef,headache,1,1,100.0
Spectracef,nausea,1,1,100.0
Spiriva,dry mouth,3,9,33.3
Spiriva,dizziness,1,9,11.1
Spiriva,heart palpitations,1,9,11.1
Spiriva,rash / itching,1,9,11.1
Spironolactone,weight gain,9,44,20.5
Spironolactone,dizziness,6,44,13.6
Spironolactone,depression,5,44,11.4
Spironolactone,fatigue,5,44,11.4
Spironolactone,hair loss,4,44,9.1
Spironolactone,headache,3,44,6.8
Spironolactone,acne,2,44,4.5
Spironolactone,bleeding,2,44,4.5
Spironolactone,diarrhea,2,44,4.5
Spironolactone,drowsiness,2,44,4.5
Spironolactone,rash / itching,2,44,4.5
Spironolactone,anxiety,1,44,2.3
Spironolactone,cramps,1,44,2.3
Spironolactone,dry mouth,1,44,2.3
Spironolactone,insomnia,1,44,2.3
Spironolactone,vomiting,1,44,2.3
Sprintec,depression,35,110,31.8
Sprintec,mood swings,31,110,28.2
Sprintec,cramps,27,110,24.5
Sprintec,bleeding,24,110,21.8
Sprintec,nausea,23,110,20.9
Sprintec,low libido,19,110,17.3
Sprintec,anxiety,18,110,16.4
Sprintec,acne,14,110,12.7
Sprintec,headache,14,110,12.7
Sprintec,weight gain,13,110,11.8
Sprintec,fatigue,10,110,9.1
Sprintec,vomiting,8,110,7.3
Sprintec,dizziness,7,110,6.4
Sprintec,constipation,3,110,2.7
Sprintec,hair loss,3,110,2.7
Sprintec,insomnia,3,110,2.7
Sprintec,drowsiness,2,110,1.8
Sprintec,diarrhea,1,110,0.9
Sronyx,mood swings,8,25,32.0
Sronyx,depression,7,25,28.0
Sronyx,headache,5,25,20.0
Sronyx,acne,4,25,16.0
Sronyx,nausea,4,25,16.0
Sronyx,cramps,3,25,12.0
Sronyx,weight gain,3,25,12.0
Sronyx,anxiety,2,25,8.0
Sronyx,vomiting,2,25,8.0
Sronyx,bleeding,1,25,4.0
Sronyx,constipation,1,25,4.0
Sronyx,dizziness,1,25,4.0
Sronyx,drowsiness,1,25,4.0
Sronyx,fatigue,1,25,4.0
Sronyx,insomnia,1,25,4.0
Sronyx,low libido,1,25,4.0
Sronyx,rash / itching,1,25,4.0
St. john's wort,insomnia,1,3,33.3
St. john's wort,nausea,1,3,33.3
Stadol,headache,2,6,33.3
Stadol,nausea,1,6,16.7
Stalevo,diarrhea,1,2,50.0
Stalevo,fatigue,1,2,50.0
Stalevo,insomnia,1,2,50.0
Stalevo,vomiting,1,2,50.0
Stelara,fatigue,1,3,33.3
Stelazine,fatigue,1,1,100.0
Stendra,dizziness,1,6,16.7
Stendra,heart palpitations,1,6,16.7
Strattera,depression,15,57,26.3
Strattera,anxiety,11,57,19.3
Strattera,headache,11,57,19.3
Strattera,nausea,11,57,19.3
Strattera,fatigue,8,57,14.0
Strattera,dry mouth,5,57,8.8
Strattera,constipation,4,57,7.0
Strattera,insomnia,4,57,7.0
Strattera,dizziness,3,57,5.3
Strattera,drowsiness,2,57,3.5
Strattera,heart palpitations,2,57,3.5
Strattera,low libido,2,57,3.5
Strattera,mood swings,2,57,3.5
Strattera,vomiting,2,57,3.5
Strattera,weight gain,1,57,1.8
Suboxone,insomnia,3,13,23.1
Suboxone,dizziness,2,13,15.4
Suboxone,headache,2,13,15.4
Suboxone,drowsiness,1,13,7.7
Suboxone,rash / itching,1,13,7.7
Succinylcholine,cramps,1,7,14.3
Succinylcholine,dizziness,1,7,14.3
Sucralfate,constipation,2,5,40.0
Sucralfate,diarrhea,2,5,40.0
Sucralfate,dizziness,1,5,20.0
Sucralfate,nausea,1,5,20.0
Sucralfate,rash / itching,1,5,20.0
Sulfacetamide sodium / sulfur,acne,1,5,20.0
Sulfacetamide sodium / sulfur,rash / itching,1,5,20.0
Sulfamethoxazole / trimethoprim,headache,61,199,30.7
Sulfamethoxazole / trimethoprim,nausea,60,199,30.2
Sulfamethoxazole / trimethoprim,rash / itching,41,199,20.6
Sulfamethoxazole / trimethoprim,dizziness,29,199,14.6
Sulfamethoxazole / trimethoprim,insomnia,24,199,12.1
Sulfamethoxazole / trimethoprim,fatigue,22,199,11.1
Sulfamethoxazole / trimethoprim,vomiting,15,199,7.5
Sulfamethoxazole / trimethoprim,diarrhea,14,199,7.0
Sulfamethoxazole / trimethoprim,anxiety,13,199,6.5
Sulfamethoxazole / trimethoprim,joint / muscle pain,12,199,6.0
Sulfamethoxazole / trimethoprim,depression,8,199,4.0
Sulfamethoxazole / trimethoprim,heart palpitations,7,199,3.5
Sulfamethoxazole / trimethoprim,constipation,6,199,3.0
Sulfamethoxazole / trimethoprim,cramps,5,199,2.5
Sulfamethoxazole / trimethoprim,bleeding,4,199,2.0
Sulfamethoxazole / trimethoprim,drowsiness,3,199,1.5
Sulfamethoxazole / trimethoprim,dry mouth,2,199,1.0
Sulfamethoxazole / trimethoprim,low libido,2,199,1.0
Sulfamethoxazole / trimethoprim,acne,1,199,0.5
Sulfamethoxazole / trimethoprim,mood swings,1,199,0.5
Sulfasalazine,headache,6,22,27.3
Sulfasalazine,fatigue,3,22,13.6
Sulfasalazine,nausea,3,22,13.6
Sulfasalazine,rash / itching,3,22,13.6
Sulfasalazine,dizziness,2,22,9.1
Sulfasalazine,constipation,1,22,4.5
Sulfasalazine,diarrhea,1,22,4.5
Sulfasalazine,drowsiness,1,22,4.5
Sulfasalazine,insomnia,1,22,4.5
Sulindac,drowsiness,1,3,33.3
Sumatriptan,nausea,6,32,18.8
Sumatriptan,drowsiness,3,32,9.4
Sumatriptan,vomiting,3,32,9.4
Sumatriptan,anxiety,2,32,6.2
Sumatriptan,cramps,1,32,3.1
Sumatriptan,dizziness,1,32,3.1
Sumatriptan,joint / muscle pain,1,32,3.1
Suprax,diarrhea,1,1,100.0
Suprep Bowel Prep Kit,vomiting,19,70,27.1
Suprep Bowel Prep Kit,nausea,17,70,24.3
Suprep Bowel Prep Kit,headache,10,70,14.3
Suprep Bowel Prep Kit,cramps,9,70,12.9
Suprep Bowel Prep Kit,drowsiness,2,70,2.9
Suprep Bowel Prep Kit,dizziness,1,70,1.4
Suprep Bowel Prep Kit,insomnia,1,70,1.4
Sustiva,depression,1,1,100.0
Sutent,bleeding,1,2,50.0
Sutent,diarrhea,1,2,50.0
Sutent,dry mouth,1,2,50.0
Sutent,vomiting,1,2,50.0
Suvorexant,fatigue,12,90,13.3
Suvorexant,headache,8,90,8.9
Suvorexant,drowsiness,6,90,6.7
Suvorexant,anxiety,5,90,5.6
Suvorexant,depression,3,90,3.3
Suvorexant,dizziness,2,90,2.2
Suvorexant,cramps,1,90,1.1
Suvorexant,weight gain,1,90,1.1
Symbicort,cramps,1,7,14.3
Symbicort,fatigue,1,7,14.3
Symbicort,headache,1,7,14.3
Symbicort,heart palpitations,1,7,14.3
Synthroid,depression,5,22,22.7
Synthroid,fatigue,4,22,18.2
Synthroid,anxiety,3,22,13.6
Synthroid,constipation,2,22,9.1
Synthroid,headache,2,22,9.1
Synthroid,insomnia,2,22,9.1
Synthroid,weight gain,2,22,9.1
Synthroid,bleeding,1,22,4.5
Synthroid,dizziness,1,22,4.5
Synthroid,drowsiness,1,22,4.5
Synthroid,hair loss,1,22,4.5
Synthroid,mood swings,1,22,4.5
Synthroid,nausea,1,22,4.5
Synvisc,dizziness,1,4,25.0
Synvisc-One,insomnia,1,12,8.3
Systane,cramps,1,4,25.0
Systane,diarrhea,1,4,25.0
Tacrolimus,anxiety,1,7,14.3
Tadalafil,headache,3,21,14.3
Tadalafil,low libido,1,21,4.8
Tadalafil,vomiting,1,21,4.8
Tamiflu,vomiting,14,35,40.0
Tamiflu,nausea,12,35,34.3
Tamiflu,headache,11,35,31.4
Tamiflu,diarrhea,6,35,17.1
Tamiflu,dizziness,6,35,17.1
Tamiflu,insomnia,4,35,11.4
Tamiflu,joint / muscle pain,4,35,11.4
Tamiflu,bleeding,1,35,2.9
Tamiflu,cramps,1,35,2.9
Tamiflu,depression,1,35,2.9
Tamiflu,rash / itching,1,35,2.9
Tamoxifen,joint / muscle pain,5,12,41.7
Tamoxifen,insomnia,3,12,25.0
Tamoxifen,nausea,3,12,25.0
Tamoxifen,constipation,2,12,16.7
Tamoxifen,depression,2,12,16.7
Tamoxifen,fatigue,2,12,16.7
Tamoxifen,low libido,2,12,16.7
Tamoxifen,rash / itching,2,12,16.7
Tamoxifen,anxiety,1,12,8.3
Tamoxifen,dizziness,1,12,8.3
Tamoxifen,headache,1,12,8.3
Tamoxifen,mood swings,1,12,8.3
Tamoxifen,weight gain,1,12,8.3
Tamsulosin,dizziness,15,56,26.8
Tamsulosin,fatigue,8,56,14.3
Tamsulosin,heart palpitations,3,56,5.4
Tamsulosin,headache,2,56,3.6
Tamsulosin,rash / itching,2,56,3.6
Tamsulosin,cramps,1,56,1.8
Tamsulosin,diarrhea,1,56,1.8
Tamsulosin,drowsiness,1,56,1.8
Tamsulosin,insomnia,1,56,1.8
Tamsulosin,joint / muscle pain,1,56,1.8
Tamsulosin,low libido,1,56,1.8
Tamsulosin,mood swings,1,56,1.8
Tanzeum,diarrhea,1,2,50.0
Tanzeum,joint / muscle pain,1,2,50.0
Tanzeum,vomiting,1,2,50.0
Tapentadol,dizziness,10,45,22.2
Tapentadol,headache,8,45,17.8
Tapentadol,anxiety,7,45,15.6
Tapentadol,nausea,6,45,13.3
Tapentadol,insomnia,4,45,8.9
Tapentadol,drowsiness,2,45,4.4
Tapentadol,fatigue,2,45,4.4
Tapentadol,heart palpitations,2,45,4.4
Tapentadol,constipation,1,45,2.2
Tapentadol,depression,1,45,2.2
Tapentadol,diarrhea,1,45,2.2
Tapentadol,rash / itching,1,45,2.2
Tapentadol,vomiting,1,45,2.2
Tarceva,fatigue,1,1,100.0
Tarceva,rash / itching,1,1,100.0
Tarina Fe 1 / 20,bleeding,2,3,66.7
Tarina Fe 1 / 20,acne,1,3,33.3
Tarina Fe 1 / 20,cramps,1,3,33.3
Taytulla,anxiety,7,15,46.7
Taytulla,acne,6,15,40.0
Taytulla,depression,6,15,40.0
Taytulla,fatigue,6,15,40.0
Taytulla,bleeding,5,15,33.3
Taytulla,headache,5,15,33.3
Taytulla,mood swings,4,15,26.7
Taytulla,cramps,3,15,20.0
Taytulla,low libido,2,15,13.3
Taytulla,nausea,2,15,13.3
Taytulla,weight gain,1,15,6.7
Tazarotene,hair loss,1,1,100.0
Tecfidera,fatigue,1,2,50.0
Tecfidera,rash / itching,1,2,50.0
Tegretol,rash / itching,3,12,25.0
Tegretol,headache,1,12,8.3
Tegretol,nausea,1,12,8.3
Tegretol XR,rash / itching,1,2,50.0
Telmisartan,dizziness,4,6,66.7
Telmisartan,fatigue,2,6,33.3
Telmisartan,cramps,1,6,16.7
Telmisartan,headache,1,6,16.7
Telmisartan,nausea,1,6,16.7
Temazepam,anxiety,9,57,15.8
Temazepam,drowsiness,7,57,12.3
Temazepam,fatigue,5,57,8.8
Temazepam,depression,2,57,3.5
Temazepam,dry mouth,1,57,1.8
Temazepam,headache,1,57,1.8
Temazepam,weight gain,1,57,1.8
Tenormin,depression,1,1,100.0
Terazol 7,rash / itching,1,1,100.0
Terazosin,nausea,2,5,40.0
Terazosin,fatigue,1,5,20.0
Terazosin,headache,1,5,20.0
Terazosin,low libido,1,5,20.0
Terazosin,mood swings,1,5,20.0
Terbinafine,rash / itching,13,51,25.5
Terbinafine,headache,5,51,9.8
Terbinafine,depression,4,51,7.8
Terbinafine,insomnia,4,51,7.8
Terbinafine,nausea,4,51,7.8
Terbinafine,diarrhea,3,51,5.9
Terbinafine,anxiety,2,51,3.9
Terbinafine,constipation,1,51,2.0
Terbinafine,dizziness,1,51,2.0
Terbinafine,fatigue,1,51,2.0
Terbinafine,joint / muscle pain,1,51,2.0
Terbinafine,mood swings,1,51,2.0
Terbinafine,vomiting,1,51,2.0
Terbinafine,weight gain,1,51,2.0
Terbutaline,anxiety,1,2,50.0
Terbutaline,depression,1,2,50.0
Terconazole,rash / itching,5,18,27.8
Terconazole,dizziness,3,18,16.7
Terconazole,headache,3,18,16.7
Terconazole,cramps,2,18,11.1
Terconazole,nausea,2,18,11.1
Terconazole,bleeding,1,18,5.6
Terconazole,vomiting,1,18,5.6
Teriflunomide,headache,3,7,42.9
Teriflunomide,depression,2,7,28.6
Teriflunomide,hair loss,2,7,28.6
Teriflunomide,diarrhea,1,7,14.3
Teriflunomide,dizziness,1,7,14.3
Teriflunomide,fatigue,1,7,14.3
Teriflunomide,nausea,1,7,14.3
Teriparatide,dizziness,2,8,25.0
Teriparatide,constipation,1,8,12.5
Teriparatide,diarrhea,1,8,12.5
Teriparatide,insomnia,1,8,12.5
Teriparatide,joint / muscle pain,1,8,12.5
Teriparatide,nausea,1,8,12.5
Tessalon Perles,headache,1,14,7.1
Testim,headache,1,12,8.3
Testim,rash / itching,1,12,8.3
Testopel,low libido,1,2,50.0
Testosterone,low libido,8,35,22.9
Testosterone,fatigue,2,35,5.7
Testosterone,anxiety,1,35,2.9
Testosterone,depression,1,35,2.9
Testosterone,headache,1,35,2.9
Testosterone,mood swings,1,35,2.9
Testosterone,rash / itching,1,35,2.9
Tetracycline,nausea,1,3,33.3
Tetrahydrozoline / zinc sulfate,rash / itching,2,3,66.7
Thorazine,insomnia,1,3,33.3
Thyroid desiccated,fatigue,7,19,36.8
Thyroid desiccated,weight gain,4,19,21.1
Thyroid desiccated,hair loss,3,19,15.8
Thyroid desiccated,rash / itching,3,19,15.8
Thyroid desiccated,cramps,2,19,10.5
Thyroid desiccated,acne,1,19,5.3
Thyroid desiccated,constipation,1,19,5.3
Thyroid desiccated,diarrhea,1,19,5.3
Thyroid desiccated,dizziness,1,19,5.3
Thyroid desiccated,headache,1,19,5.3
Thyroid desiccated,joint / muscle pain,1,19,5.3
Thyroid desiccated,mood swings,1,19,5.3
Ticagrelor,diarrhea,1,7,14.3
Ticagrelor,fatigue,1,7,14.3
Ticagrelor,headache,1,7,14.3
Ticagrelor,joint / muscle pain,1,7,14.3
Timoptic,fatigue,1,1,100.0
Tindamax,nausea,2,2,100.0
Tindamax,diarrhea,1,2,50.0
Tindamax,headache,1,2,50.0
Tinidazole,fatigue,2,5,40.0
Tinidazole,nausea,2,5,40.0
Tinidazole,headache,1,5,20.0
Tioconazole,rash / itching,263,545,48.3
Tioconazole,insomnia,18,545,3.3
Tioconazole,bleeding,6,545,1.1
Tioconazole,nausea,3,545,0.6
Tioconazole,cramps,2,545,0.4
Tioconazole,dizziness,2,545,0.4
Tioconazole,fatigue,2,545,0.4
Tioconazole,depression,1,545,0.2
Tioconazole,headache,1,545,0.2
Tioconazole,vomiting,1,545,0.2
Tiotropium,anxiety,1,6,16.7
Tiotropium,constipation,1,6,16.7
Tiotropium,depression,1,6,16.7
Tiotropium,dry mouth,1,6,16.7
Tiotropium,joint / muscle pain,1,6,16.7
Tirosint,joint / muscle pain,2,7,28.6
Tirosint,anxiety,1,7,14.3
Tirosint,depression,1,7,14.3
Tirosint,fatigue,1,7,14.3
Tirosint,headache,1,7,14.3
Tirosint,rash / itching,1,7,14.3
Tizanidine,headache,7,44,15.9
Tizanidine,drowsiness,6,44,13.6
Tizanidine,fatigue,4,44,9.1
Tizanidine,cramps,2,44,4.5
Tizanidine,depression,2,44,4.5
Tizanidine,dizziness,2,44,4.5
Tizanidine,dry mouth,2,44,4.5
Tizanidine,insomnia,2,44,4.5
Tizanidine,nausea,2,44,4.5
Tizanidine,anxiety,1,44,2.3
Tizanidine,constipation,1,44,2.3
Tizanidine,diarrhea,1,44,2.3
TobraDex,rash / itching,1,1,100.0
Tofacitinib,headache,4,8,50.0
Tofacitinib,insomnia,2,8,25.0
Tofacitinib,depression,1,8,12.5
Tofacitinib,diarrhea,1,8,12.5
Tofacitinib,dizziness,1,8,12.5
Tofacitinib,fatigue,1,8,12.5
Tofacitinib,nausea,1,8,12.5
Tolterodine,drowsiness,2,11,18.2
Tolterodine,dry mouth,2,11,18.2
Tolterodine,fatigue,2,11,18.2
Tolterodine,constipation,1,11,9.1
Tolterodine,diarrhea,1,11,9.1
Tolterodine,mood swings,1,11,9.1
Topamax,depression,13,66,19.7
Topamax,anxiety,6,66,9.1
Topamax,fatigue,6,66,9.1
Topamax,hair loss,5,66,7.6
Topamax,dizziness,3,66,4.5
Topamax,nausea,3,66,4.5
Topamax,drowsiness,2,66,3.0
Topamax,headache,2,66,3.0
Topamax,insomnia,2,66,3.0
Topamax,rash / itching,2,66,3.0
Topamax,acne,1,66,1.5
Topamax,low libido,1,66,1.5
Topamax,vomiting,1,66,1.5
Topical Anesthetic Dental Gel,nausea,1,1,100.0
Topical Anesthetic Dental Gel,rash / itching,1,1,100.0
Topiramate,dizziness,19,146,13.0
Topiramate,depression,18,146,12.3
Topiramate,nausea,16,146,11.0
Topiramate,fatigue,14,146,9.6
Topiramate,anxiety,12,146,8.2
Topiramate,mood swings,11,146,7.5
Topiramate,insomnia,8,146,5.5
Topiramate,hair loss,7,146,4.8
Topiramate,diarrhea,5,146,3.4
Topiramate,rash / itching,5,146,3.4
Topiramate,drowsiness,4,146,2.7
Topiramate,headache,3,146,2.1
Topiramate,vomiting,3,146,2.1
Topiramate,weight gain,3,146,2.1
Topiramate,cramps,2,146,1.4
Topiramate,joint / muscle pain,2,146,1.4
Topiramate,acne,1,146,0.7
Topiramate,bleeding,1,146,0.7
Topiramate,constipation,1,146,0.7
Topiramate,low libido,1,146,0.7
Toprol-XL,dizziness,1,3,33.3
Toprol-XL,fatigue,1,3,33.3
Toradol,headache,10,20,50.0
Toradol,anxiety,1,20,5.0
Toradol,insomnia,1,20,5.0
Toradol,nausea,1,20,5.0
Torsemide,diarrhea,1,2,50.0
Torsemide,dizziness,1,2,50.0
Torsemide,headache,1,2,50.0
Toujeo,cramps,1,6,16.7
Toujeo,depression,1,6,16.7
Toujeo,diarrhea,1,6,16.7
Toujeo,dizziness,1,6,16.7
Toujeo,nausea,1,6,16.7
Toujeo,weight gain,1,6,16.7
Toviaz,dizziness,3,6,50.0
Toviaz,dry mouth,2,6,33.3
Toviaz,constipation,1,6,16.7
Toviaz,headache,1,6,16.7
Toviaz,insomnia,1,6,16.7
Toviaz,nausea,1,6,16.7
Toviaz,rash / itching,1,6,16.7
Toviaz,weight gain,1,6,16.7
Tradjenta,headache,3,11,27.3
Tradjenta,weight gain,3,11,27.3
Tradjenta,diarrhea,2,11,18.2
Tradjenta,dizziness,2,11,18.2
Tradjenta,joint / muscle pain,2,11,18.2
Tradjenta,acne,1,11,9.1
Tradjenta,fatigue,1,11,9.1
Tradjenta,nausea,1,11,9.1
Tradjenta,vomiting,1,11,9.1
Tramadol,headache,31,231,13.4
Tramadol,nausea,27,231,11.7
Tramadol,dizziness,23,231,10.0
Tramadol,depression,12,231,5.2
Tramadol,vomiting,11,231,4.8
Tramadol,rash / itching,9,231,3.9
Tramadol,fatigue,8,231,3.5
Tramadol,anxiety,7,231,3.0
Tramadol,insomnia,7,231,3.0
Tramadol,cramps,6,231,2.6
Tramadol,constipation,4,231,1.7
Tramadol,drowsiness,4,231,1.7
Tramadol,diarrhea,2,231,0.9
Tramadol,mood swings,2,231,0.9
Tramadol,dry mouth,1,231,0.4
Tramadol,hair loss,1,231,0.4
Tramadol,heart palpitations,1,231,0.4
Tramadol,weight gain,1,231,0.4
Tranexamic acid,bleeding,6,19,31.6
Tranexamic acid,dizziness,4,19,21.1
Tranexamic acid,cramps,3,19,15.8
Tranexamic acid,headache,3,19,15.8
Tranexamic acid,depression,1,19,5.3
Tranexamic acid,joint / muscle pain,1,19,5.3
Tranexamic acid,mood swings,1,19,5.3
Tranexamic acid,rash / itching,1,19,5.3
Transderm-Scop,dizziness,5,10,50.0
Transderm-Scop,dry mouth,3,10,30.0
Transderm-Scop,nausea,2,10,20.0
Transderm-Scop,vomiting,2,10,20.0
Trazodone,headache,30,195,15.4
Trazodone,dizziness,23,195,11.8
Trazodone,drowsiness,19,195,9.7
Trazodone,fatigue,17,195,8.7
Trazodone,anxiety,16,195,8.2
Trazodone,dry mouth,15,195,7.7
Trazodone,depression,14,195,7.2
Trazodone,insomnia,13,195,6.7
Trazodone,nausea,9,195,4.6
Trazodone,heart palpitations,7,195,3.6
Trazodone,diarrhea,3,195,1.5
Trazodone,vomiting,3,195,1.5
Trazodone,weight gain,3,195,1.5
Trazodone,joint / muscle pain,2,195,1.0
Trazodone,low libido,2,195,1.0
Trazodone,mood swings,2,195,1.0
Trazodone,constipation,1,195,0.5
Tresiba,headache,2,9,22.2
Tresiba,dizziness,1,9,11.1
Tresiba,rash / itching,1,9,11.1
Tresiba,vomiting,1,9,11.1
Tresiba,weight gain,1,9,11.1
Tretinoin,depression,3,40,7.5
Tretinoin,acne,2,40,5.0
Tretinoin,rash / itching,1,40,2.5
Treximet,dizziness,1,3,33.3
Treximet,nausea,1,3,33.3
Tri-Estarylla,acne,1,4,25.0
Tri-Estarylla,anxiety,1,4,25.0
Tri-Estarylla,depression,1,4,25.0
Tri-Estarylla,headache,1,4,25.0
Tri-Linyah,depression,2,3,66.7
Tri-Linyah,nausea,2,3,66.7
Tri-Linyah,acne,1,3,33.3
Tri-Linyah,anxiety,1,3,33.3
Tri-Linyah,headache,1,3,33.3
Tri-Linyah,heart palpitations,1,3,33.3
Tri-Linyah,mood swings,1,3,33.3
Tri-Lo-Marzia,acne,1,2,50.0
Tri-Lo-Marzia,anxiety,1,2,50.0
Tri-Lo-Marzia,depression,1,2,50.0
Tri-Lo-Marzia,fatigue,1,2,50.0
Tri-Lo-Marzia,hair loss,1,2,50.0
Tri-Lo-Sprintec,acne,7,25,28.0
Tri-Lo-Sprintec,mood swings,7,25,28.0
Tri-Lo-Sprintec,anxiety,5,25,20.0
Tri-Lo-Sprintec,depression,4,25,16.0
Tri-Lo-Sprintec,headache,4,25,16.0
Tri-Lo-Sprintec,low libido,4,25,16.0
Tri-Lo-Sprintec,nausea,4,25,16.0
Tri-Lo-Sprintec,weight gain,4,25,16.0
Tri-Lo-Sprintec,cramps,3,25,12.0
Tri-Lo-Sprintec,fatigue,3,25,12.0
Tri-Lo-Sprintec,rash / itching,3,25,12.0
Tri-Lo-Sprintec,bleeding,2,25,8.0
Tri-Lo-Sprintec,hair loss,2,25,8.0
Tri-Lo-Sprintec,dizziness,1,25,4.0
Tri-Lo-Sprintec,insomnia,1,25,4.0
Tri-Luma,acne,1,3,33.3
Tri-Previfem,depression,13,40,32.5
Tri-Previfem,mood swings,13,40,32.5
Tri-Previfem,anxiety,11,40,27.5
Tri-Previfem,cramps,9,40,22.5
Tri-Previfem,low libido,8,40,20.0
Tri-Previfem,nausea,8,40,20.0
Tri-Previfem,weight gain,7,40,17.5
Tri-Previfem,acne,5,40,12.5
Tri-Previfem,fatigue,4,40,10.0
Tri-Previfem,headache,4,40,10.0
Tri-Previfem,bleeding,3,40,7.5
Tri-Previfem,dizziness,2,40,5.0
Tri-Previfem,insomnia,2,40,5.0
Tri-Previfem,drowsiness,1,40,2.5
Tri-Previfem,rash / itching,1,40,2.5
Tri-Sprintec,mood swings,27,93,29.0
Tri-Sprintec,nausea,25,93,26.9
Tri-Sprintec,depression,18,93,19.4
Tri-Sprintec,acne,17,93,18.3
Tri-Sprintec,cramps,17,93,18.3
Tri-Sprintec,weight gain,17,93,18.3
Tri-Sprintec,headache,14,93,15.1
Tri-Sprintec,anxiety,12,93,12.9
Tri-Sprintec,fatigue,9,93,9.7
Tri-Sprintec,bleeding,8,93,8.6
Tri-Sprintec,low libido,8,93,8.6
Tri-Sprintec,vomiting,6,93,6.5
Tri-Sprintec,dizziness,3,93,3.2
Tri-Sprintec,constipation,2,93,2.2
Tri-Sprintec,diarrhea,2,93,2.2
Tri-Sprintec,heart palpitations,1,93,1.1
Tri-Sprintec,rash / itching,1,93,1.1
TriNessa,depression,26,66,39.4
TriNessa,mood swings,22,66,33.3
TriNessa,weight gain,15,66,22.7
TriNessa,anxiety,12,66,18.2
TriNessa,nausea,12,66,18.2
TriNessa,acne,11,66,16.7
TriNessa,bleeding,9,66,13.6
TriNessa,cramps,8,66,12.1
TriNessa,headache,8,66,12.1
TriNessa,fatigue,7,66,10.6
TriNessa,low libido,6,66,9.1
TriNessa,rash / itching,4,66,6.1
TriNessa,vomiting,3,66,4.5
TriNessa,insomnia,2,66,3.0
TriNessa,dizziness,1,66,1.5
TriNessa,dry mouth,1,66,1.5
TriNessa Lo,depression,2,2,100.0
TriNessa Lo,mood swings,1,2,50.0
Triamcinolone,dry mouth,1,18,5.6
Triamcinolone,headache,1,18,5.6
Tribenzor,dizziness,1,2,50.0
Tribenzor,fatigue,1,2,50.0
Tribenzor,nausea,1,2,50.0
Tribenzor,vomiting,1,2,50.0
Trileptal,constipation,1,4,25.0
Trileptal,dizziness,1,4,25.0
Trileptal,fatigue,1,4,25.0
Trileptal,headache,1,4,25.0
Trileptal,rash / itching,1,4,25.0
Trilipix,hair loss,1,2,50.0
Trilipix,joint / muscle pain,1,2,50.0
Trimethoprim,headache,2,9,22.2
Trimethoprim,bleeding,1,9,11.1
Trimethoprim,rash / itching,1,9,11.1
Trintellix,nausea,28,89,31.5
Trintellix,vomiting,18,89,20.2
Trintellix,headache,12,89,13.5
Trintellix,rash / itching,7,89,7.9
Trintellix,dizziness,5,89,5.6
Trintellix,fatigue,5,89,5.6
Trintellix,weight gain,5,89,5.6
Trintellix,diarrhea,4,89,4.5
Trintellix,insomnia,4,89,4.5
Trintellix,low libido,4,89,4.5
Trintellix,constipation,2,89,2.2
Trintellix,drowsiness,2,89,2.2
Trintellix,dry mouth,2,89,2.2
Trintellix,joint / muscle pain,2,89,2.2
Trintellix,bleeding,1,89,1.1
Trintellix,heart palpitations,1,89,1.1
Triumeq,headache,2,4,50.0
Triumeq,diarrhea,1,4,25.0
Triumeq,fatigue,1,4,25.0
Trivora,acne,1,2,50.0
Trivora,headache,1,2,50.0
Trivora,nausea,1,2,50.0
Trolamine salicylate,rash / itching,2,3,66.7
Tropicamide,rash / itching,1,2,50.0
Trospium,constipation,1,5,20.0
Trospium,dry mouth,1,5,20.0
Trulance,cramps,2,4,50.0
Trulance,diarrhea,1,4,25.0
Trulicity,nausea,23,48,47.9
Trulicity,diarrhea,14,48,29.2
Trulicity,vomiting,12,48,25.0
Trulicity,fatigue,10,48,20.8
Trulicity,headache,8,48,16.7
Trulicity,constipation,5,48,10.4
Trulicity,cramps,5,48,10.4
Trulicity,insomnia,4,48,8.3
Trulicity,anxiety,3,48,6.2
Trulicity,depression,3,48,6.2
Trulicity,dizziness,2,48,4.2
Trulicity,drowsiness,1,48,2.1
Trulicity,heart palpitations,1,48,2.1
Trulicity,joint / muscle pain,1,48,2.1
Trulicity,weight gain,1,48,2.1
Tylenol,headache,1,2,50.0
Tylenol PM,dry mouth,1,1,100.0
Tylenol with Codeine #3,drowsiness,5,20,25.0
Tylenol with Codeine #3,headache,1,20,5.0
Tylenol with Codeine #3,nausea,1,20,5.0
Tylenol with Codeine #3,rash / itching,1,20,5.0
Tysabri,anxiety,1,5,20.0
Tysabri,depression,1,5,20.0
Tysabri,fatigue,1,5,20.0
Tysabri,headache,1,5,20.0
Tysabri,insomnia,1,5,20.0
Ulipristal,cramps,3,9,33.3
Ulipristal,bleeding,2,9,22.2
Ulipristal,nausea,2,9,22.2
Ulipristal,fatigue,1,9,11.1
Ulipristal,headache,1,9,11.1
Ulipristal,joint / muscle pain,1,9,11.1
Ulipristal,vomiting,1,9,11.1
Uloric,rash / itching,1,2,50.0
Ultram,nausea,2,28,7.1
Ultram,dizziness,1,28,3.6
Ultram,headache,1,28,3.6
Ultram,vomiting,1,28,3.6
Unisom SleepTabs,anxiety,1,6,16.7
Unisom SleepTabs,drowsiness,1,6,16.7
Unisom SleepTabs,headache,1,6,16.7
Unithroid,depression,1,1,100.0
Uptravi,diarrhea,1,1,100.0
Uptravi,headache,1,1,100.0
Uroxatral,fatigue,1,1,100.0
VESIcare,constipation,6,22,27.3
VESIcare,headache,4,22,18.2
VESIcare,dizziness,2,22,9.1
VESIcare,dry mouth,2,22,9.1
VESIcare,weight gain,2,22,9.1
VESIcare,anxiety,1,22,4.5
VESIcare,diarrhea,1,22,4.5
VESIcare,fatigue,1,22,4.5
VESIcare,heart palpitations,1,22,4.5
VESIcare,nausea,1,22,4.5
Vagistat-1,rash / itching,1,3,33.3
Valacyclovir,nausea,2,19,10.5
Valacyclovir,cramps,1,19,5.3
Valacyclovir,dizziness,1,19,5.3
Valacyclovir,hair loss,1,19,5.3
Valacyclovir,headache,1,19,5.3
Valacyclovir,rash / itching,1,19,5.3
Valacyclovir,vomiting,1,19,5.3
Valerian,fatigue,1,1,100.0
Valium,depression,1,5,20.0
Valproic acid,heart palpitations,1,7,14.3
Valproic acid,nausea,1,7,14.3
Valproic acid,rash / itching,1,7,14.3
Valsartan,rash / itching,3,23,13.0
Valsartan,diarrhea,2,23,8.7
Valsartan,hair loss,2,23,8.7
Valsartan,headache,2,23,8.7
Valsartan,joint / muscle pain,2,23,8.7
Valsartan,anxiety,1,23,4.3
Valsartan,cramps,1,23,4.3
Valsartan,dizziness,1,23,4.3
Valsartan,fatigue,1,23,4.3
Valsartan,heart palpitations,1,23,4.3
Valsartan,insomnia,1,23,4.3
Valsartan,low libido,1,23,4.3
Valsartan,nausea,1,23,4.3
Valsartan,vomiting,1,23,4.3
Valtrex,rash / itching,1,3,33.3
Valturna,cramps,1,3,33.3
Valturna,diarrhea,1,3,33.3
Valturna,fatigue,1,3,33.3
Vancomycin,diarrhea,2,7,28.6
Vancomycin,rash / itching,2,7,28.6
Vancomycin,cramps,1,7,14.3
Vancomycin,depression,1,7,14.3
Vancomycin,headache,1,7,14.3
Vandazole,cramps,1,1,100.0
Vandazole,dizziness,1,1,100.0
Vandazole,fatigue,1,1,100.0
Vandazole,headache,1,1,100.0
Vandazole,heart palpitations,1,1,100.0
Vandazole,nausea,1,1,100.0
Vaniqa,hair loss,1,4,25.0
Vantin,diarrhea,1,1,100.0
Vantin,fatigue,1,1,100.0
Vardenafil,cramps,1,9,11.1
Vardenafil,headache,1,9,11.1
Vardenafil,nausea,1,9,11.1
Vardenafil,rash / itching,1,9,11.1
Varenicline,nausea,12,42,28.6
Varenicline,depression,9,42,21.4
Varenicline,constipation,4,42,9.5
Varenicline,fatigue,4,42,9.5
Varenicline,mood swings,4,42,9.5
Varenicline,anxiety,2,42,4.8
Varenicline,dry mouth,2,42,4.8
Varenicline,headache,2,42,4.8
Varenicline,heart palpitations,2,42,4.8
Varenicline,vomiting,2,42,4.8
Varenicline,weight gain,2,42,4.8
Varenicline,dizziness,1,42,2.4
Varenicline,drowsiness,1,42,2.4
Varenicline,insomnia,1,42,2.4
Varenicline,rash / itching,1,42,2.4
Vedolizumab,diarrhea,3,8,37.5
Vedolizumab,headache,2,8,25.0
Vedolizumab,nausea,2,8,25.0
Vedolizumab,constipation,1,8,12.5
Vedolizumab,fatigue,1,8,12.5
Vedolizumab,joint / muscle pain,1,8,12.5
Vedolizumab,rash / itching,1,8,12.5
Velivet,depression,2,5,40.0
Velivet,acne,1,5,20.0
Velivet,anxiety,1,5,20.0
Velivet,bleeding,1,5,20.0
Velivet,cramps,1,5,20.0
Velivet,low libido,1,5,20.0
Velivet,weight gain,1,5,20.0
Vemurafenib,nausea,1,2,50.0
Vemurafenib,rash / itching,1,2,50.0
Venlafaxine,nausea,40,244,16.4
Venlafaxine,headache,28,244,11.5
Venlafaxine,dizziness,25,244,10.2
Venlafaxine,insomnia,23,244,9.4
Venlafaxine,fatigue,22,244,9.0
Venlafaxine,vomiting,20,244,8.2
Venlafaxine,weight gain,14,244,5.7
Venlafaxine,constipation,11,244,4.5
Venlafaxine,dry mouth,11,244,4.5
Venlafaxine,low libido,10,244,4.1
Venlafaxine,diarrhea,9,244,3.7
Venlafaxine,drowsiness,7,244,2.9
Venlafaxine,depression,6,244,2.5
Venlafaxine,heart palpitations,6,244,2.5
Venlafaxine,anxiety,4,244,1.6
Venlafaxine,cramps,3,244,1.2
Venlafaxine,rash / itching,3,244,1.2
Venlafaxine,joint / muscle pain,2,244,0.8
Venlafaxine,hair loss,1,244,0.4
Venofer,headache,1,1,100.0
Venofer,joint / muscle pain,1,1,100.0
Venofer,vomiting,1,1,100.0
Veramyst,insomnia,1,2,50.0
Verapamil,dizziness,5,14,35.7
Verapamil,constipation,1,14,7.1
Verapamil,dry mouth,1,14,7.1
Verapamil,fatigue,1,14,7.1
Verapamil,headache,1,14,7.1
Verapamil,heart palpitations,1,14,7.1
Verapamil,nausea,1,14,7.1
Versed,anxiety,4,14,28.6
Versed,depression,1,14,7.1
Versed,dizziness,1,14,7.1
Versed,vomiting,1,14,7.1
Vestura,anxiety,1,1,100.0
Vestura,depression,1,1,100.0
Vestura,mood swings,1,1,100.0
Viagra,headache,3,8,37.5
Viagra,nausea,1,8,12.5
Viagra,rash / itching,1,8,12.5
Viberzi,cramps,5,19,26.3
Viberzi,nausea,3,19,15.8
Viberzi,vomiting,2,19,10.5
Viberzi,dizziness,1,19,5.3
Viberzi,dry mouth,1,19,5.3
Viberzi,fatigue,1,19,5.3
Viberzi,headache,1,19,5.3
Vicodin,rash / itching,1,7,14.3
Vicoprofen,fatigue,1,3,33.3
Vicoprofen,insomnia,1,3,33.3
Vicoprofen,vomiting,1,3,33.3
Victoza,diarrhea,8,25,32.0
Victoza,nausea,7,25,28.0
Victoza,vomiting,7,25,28.0
Victoza,headache,6,25,24.0
Victoza,cramps,3,25,12.0
Victoza,fatigue,3,25,12.0
Victoza,constipation,2,25,8.0
Victoza,depression,2,25,8.0
Victoza,dizziness,2,25,8.0
Victoza,insomnia,2,25,8.0
Victoza,anxiety,1,25,4.0
Victoza,heart palpitations,1,25,4.0
Victoza,rash / itching,1,25,4.0
Victoza,weight gain,1,25,4.0
Vienva,anxiety,3,6,50.0
Vienva,cramps,2,6,33.3
Vienva,depression,2,6,33.3
Vienva,dizziness,2,6,33.3
Vienva,nausea,2,6,33.3
Vienva,fatigue,1,6,16.7
Vienva,headache,1,6,16.7
Vienva,mood swings,1,6,16.7
Vienva,vomiting,1,6,16.7
Vigamox,dizziness,1,4,25.0
Vigamox,rash / itching,1,4,25.0
Viibryd,diarrhea,12,66,18.2
Viibryd,nausea,12,66,18.2
Viibryd,headache,7,66,10.6
Viibryd,dizziness,4,66,6.1
Viibryd,drowsiness,4,66,6.1
Viibryd,heart palpitations,4,66,6.1
Viibryd,insomnia,4,66,6.1
Viibryd,vomiting,4,66,6.1
Viibryd,fatigue,3,66,4.5
Viibryd,rash / itching,3,66,4.5
Viibryd,bleeding,2,66,3.0
Viibryd,cramps,2,66,3.0
Viibryd,weight gain,2,66,3.0
Viibryd,constipation,1,66,1.5
Viibryd,joint / muscle pain,1,66,1.5
Viibryd,low libido,1,66,1.5
Vilazodone,diarrhea,27,111,24.3
Vilazodone,nausea,24,111,21.6
Vilazodone,insomnia,15,111,13.5
Vilazodone,headache,13,111,11.7
Vilazodone,dizziness,8,111,7.2
Vilazodone,low libido,7,111,6.3
Vilazodone,weight gain,7,111,6.3
Vilazodone,cramps,5,111,4.5
Vilazodone,fatigue,5,111,4.5
Vilazodone,heart palpitations,5,111,4.5
Vilazodone,joint / muscle pain,3,111,2.7
Vilazodone,vomiting,3,111,2.7
Vilazodone,depression,2,111,1.8
Vilazodone,drowsiness,2,111,1.8
Vilazodone,rash / itching,2,111,1.8
Vilazodone,constipation,1,111,0.9
Vilazodone,dry mouth,1,111,0.9
Vilazodone,hair loss,1,111,0.9
Vimpat,depression,2,6,33.3
Vimpat,anxiety,1,6,16.7
Vimpat,dizziness,1,6,16.7
Vimpat,mood swings,1,6,16.7
Viorele,headache,5,7,71.4
Viorele,cramps,3,7,42.9
Viorele,depression,3,7,42.9
Viorele,mood swings,3,7,42.9
Viorele,acne,2,7,28.6
Viorele,anxiety,2,7,28.6
Viorele,low libido,2,7,28.6
Viorele,dizziness,1,7,14.3
Viorele,fatigue,1,7,14.3
Viorele,nausea,1,7,14.3
Viorele,weight gain,1,7,14.3
Viramune,rash / itching,1,1,100.0
Vistaril,fatigue,5,25,20.0
Vistaril,drowsiness,4,25,16.0
Vistaril,cramps,1,25,4.0
Vistaril,insomnia,1,25,4.0
Vistaril,vomiting,1,25,4.0
Vitamin e,rash / itching,1,1,100.0
Vivelle-Dot,rash / itching,1,2,50.0
Vivitrol,depression,2,5,40.0
Vivitrol,insomnia,2,5,40.0
Vivitrol,low libido,2,5,40.0
Vivitrol,anxiety,1,5,20.0
Vivitrol,cramps,1,5,20.0
Vivitrol,diarrhea,1,5,20.0
Vivitrol,headache,1,5,20.0
Vivitrol,nausea,1,5,20.0
Voltaren,diarrhea,1,7,14.3
Voltaren,drowsiness,1,7,14.3
Voltaren,headache,1,7,14.3
Voltaren,nausea,1,7,14.3
Voltaren,rash / itching,1,7,14.3
Voltaren Gel,fatigue,1,9,11.1
Voltaren Gel,headache,1,9,11.1
Voltaren Gel,nausea,1,9,11.1
Voltaren Gel,rash / itching,1,9,11.1
Vortioxetine,nausea,56,138,40.6
Vortioxetine,headache,25,138,18.1
Vortioxetine,vomiting,21,138,15.2
Vortioxetine,fatigue,16,138,11.6
Vortioxetine,rash / itching,16,138,11.6
Vortioxetine,diarrhea,15,138,10.9
Vortioxetine,weight gain,12,138,8.7
Vortioxetine,dizziness,10,138,7.2
Vortioxetine,insomnia,8,138,5.8
Vortioxetine,constipation,7,138,5.1
Vortioxetine,low libido,5,138,3.6
Vortioxetine,cramps,4,138,2.9
Vortioxetine,drowsiness,4,138,2.9
Vortioxetine,joint / muscle pain,2,138,1.4
Vortioxetine,dry mouth,1,138,0.7
Vospire ER,rash / itching,1,1,100.0
Vraylar,insomnia,2,11,18.2
Vraylar,vomiting,2,11,18.2
Vraylar,diarrhea,1,11,9.1
Vraylar,fatigue,1,11,9.1
Vraylar,headache,1,11,9.1
Vraylar,nausea,1,11,9.1
Vraylar,rash / itching,1,11,9.1
Vytorin,joint / muscle pain,2,2,100.0
Vytorin,cramps,1,2,50.0
Vyvanse,depression,10,42,23.8
Vyvanse,anxiety,8,42,19.0
Vyvanse,mood swings,4,42,9.5
Vyvanse,dry mouth,3,42,7.1
Vyvanse,fatigue,3,42,7.1
Vyvanse,vomiting,3,42,7.1
Vyvanse,dizziness,2,42,4.8
Vyvanse,insomnia,2,42,4.8
Vyvanse,drowsiness,1,42,2.4
Vyvanse,hair loss,1,42,2.4
Vyvanse,headache,1,42,2.4
Vyvanse,weight gain,1,42,2.4
Warfarin,bleeding,1,3,33.3
Warfarin,diarrhea,1,3,33.3
Welchol,headache,1,2,50.0
Welchol,joint / muscle pain,1,2,50.0
Welchol,nausea,1,2,50.0
Welchol,rash / itching,1,2,50.0
Wellbutrin,drowsiness,4,34,11.8
Wellbutrin,headache,4,34,11.8
Wellbutrin,insomnia,4,34,11.8
Wellbutrin,nausea,3,34,8.8
Wellbutrin,fatigue,2,34,5.9
Wellbutrin,low libido,2,34,5.9
Wellbutrin,vomiting,2,34,5.9
Wellbutrin,anxiety,1,34,2.9
Wellbutrin,dizziness,1,34,2.9
Wellbutrin SR,dizziness,1,8,12.5
Wellbutrin SR,fatigue,1,8,12.5
Wellbutrin SR,weight gain,1,8,12.5
Wellbutrin XL,weight gain,5,25,20.0
Wellbutrin XL,headache,4,25,16.0
Wellbutrin XL,insomnia,4,25,16.0
Wellbutrin XL,constipation,3,25,12.0
Wellbutrin XL,dry mouth,3,25,12.0
Wellbutrin XL,dizziness,2,25,8.0
Wellbutrin XL,low libido,2,25,8.0
Wellbutrin XL,diarrhea,1,25,4.0
Wellbutrin XL,fatigue,1,25,4.0
Wellbutrin XL,heart palpitations,1,25,4.0
Wellbutrin XL,joint / muscle pain,1,25,4.0
Wellbutrin XL,nausea,1,25,4.0
Wellbutrin XL,rash / itching,1,25,4.0
Xanax,fatigue,2,22,9.1
Xanax,insomnia,2,22,9.1
Xanax XR,anxiety,1,2,50.0
Xanax XR,fatigue,1,2,50.0
Xarelto,headache,5,17,29.4
Xarelto,bleeding,4,17,23.5
Xarelto,cramps,2,17,11.8
Xarelto,insomnia,2,17,11.8
Xarelto,diarrhea,1,17,5.9
Xarelto,dizziness,1,17,5.9
Xarelto,fatigue,1,17,5.9
Xarelto,joint / muscle pain,1,17,5.9
Xarelto,nausea,1,17,5.9
Xarelto,vomiting,1,17,5.9
Xeljanz,anxiety,2,6,33.3
Xeljanz,depression,2,6,33.3
Xeljanz,headache,1,6,16.7
Xeljanz,insomnia,1,6,16.7
Xenical,insomnia,1,4,25.0
Xifaxan,cramps,1,4,25.0
Xifaxan,mood swings,1,4,25.0
Xifaxan,nausea,1,4,25.0
Xiidra,headache,2,17,11.8
Xiidra,nausea,2,17,11.8
Xiidra,rash / itching,2,17,11.8
Xiidra,dizziness,1,17,5.9
Xolair,weight gain,1,6,16.7
Xtampza ER,nausea,2,3,66.7
Xtampza ER,dizziness,1,3,33.3
Xtampza ER,fatigue,1,3,33.3
Xtampza ER,headache,1,3,33.3
Xtampza ER,rash / itching,1,3,33.3
Xtandi,fatigue,1,2,50.0
Xulane,mood swings,10,36,27.8
Xulane,headache,9,36,25.0
Xulane,cramps,8,36,22.2
Xulane,nausea,7,36,19.4
Xulane,dizziness,5,36,13.9
Xulane,anxiety,4,36,11.1
Xulane,depression,4,36,11.1
Xulane,fatigue,4,36,11.1
Xulane,rash / itching,4,36,11.1
Xulane,vomiting,4,36,11.1
Xulane,weight gain,4,36,11.1
Xulane,bleeding,3,36,8.3
Xulane,low libido,2,36,5.6
Xulane,acne,1,36,2.8
Xylometazoline,bleeding,1,6,16.7
Xyrem,insomnia,1,4,25.0
Xyrem,vomiting,1,4,25.0
Xyzal,fatigue,4,31,12.9
Xyzal,drowsiness,3,31,9.7
Xyzal,headache,3,31,9.7
Xyzal,dizziness,2,31,6.5
Xyzal,joint / muscle pain,2,31,6.5
Xyzal,rash / itching,2,31,6.5
Xyzal,anxiety,1,31,3.2
Yasmin,depression,13,45,28.9
Yasmin,low libido,11,45,24.4
Yasmin,mood swings,8,45,17.8
Yasmin,nausea,8,45,17.8
Yasmin,cramps,7,45,15.6
Yasmin,weight gain,7,45,15.6
Yasmin,fatigue,6,45,13.3
Yasmin,anxiety,5,45,11.1
Yasmin,acne,4,45,8.9
Yasmin,bleeding,3,45,6.7
Yasmin,drowsiness,2,45,4.4
Yasmin,headache,2,45,4.4
Yasmin,diarrhea,1,45,2.2
Yasmin,hair loss,1,45,2.2
Yaz,depression,30,89,33.7
Yaz,mood swings,26,89,29.2
Yaz,acne,18,89,20.2
Yaz,anxiety,18,89,20.2
Yaz,cramps,16,89,18.0
Yaz,bleeding,15,89,16.9
Yaz,nausea,15,89,16.9
Yaz,fatigue,12,89,13.5
Yaz,weight gain,10,89,11.2
Yaz,low libido,9,89,10.1
Yaz,vomiting,7,89,7.9
Yaz,headache,6,89,6.7
Yaz,constipation,1,89,1.1
Yaz,diarrhea,1,89,1.1
Yaz,dizziness,1,89,1.1
Yaz,drowsiness,1,89,1.1
Yaz,heart palpitations,1,89,1.1
Yaz,rash / itching,1,89,1.1
Yohimbine,vomiting,2,3,66.7
Yohimbine,anxiety,1,3,33.3
Yohimbine,nausea,1,3,33.3
Yuvafem,rash / itching,2,10,20.0
Yuvafem,bleeding,1,10,10.0
Yuvafem,cramps,1,10,10.0
Yuvafem,weight gain,1,10,10.0
Zaleplon,fatigue,3,24,12.5
Zaleplon,anxiety,2,24,8.3
Zaleplon,constipation,1,24,4.2
Zaleplon,cramps,1,24,4.2
Zaleplon,depression,1,24,4.2
Zaleplon,drowsiness,1,24,4.2
Zaleplon,headache,1,24,4.2
Zaleplon,nausea,1,24,4.2
Zanaflex,diarrhea,1,9,11.1
Zanaflex,dizziness,1,9,11.1
Zanaflex,joint / muscle pain,1,9,11.1
Zantac 150,anxiety,1,2,50.0
Zantac 150,dizziness,1,2,50.0
Zarah,mood swings,7,10,70.0
Zarah,weight gain,6,10,60.0
Zarah,acne,5,10,50.0
Zarah,depression,3,10,30.0
Zarah,fatigue,2,10,20.0
Zarah,low libido,2,10,20.0
Zarah,nausea,2,10,20.0
Zarah,dizziness,1,10,10.0
Zarah,drowsiness,1,10,10.0
Zarah,headache,1,10,10.0
Zecuity,rash / itching,1,1,100.0
Zegerid,hair loss,1,1,100.0
Zegerid,insomnia,1,1,100.0
Zenzedi,fatigue,1,1,100.0
Zenzedi,headache,1,1,100.0
Zestril,dizziness,1,2,50.0
Zestril,headache,1,2,50.0
Zestril,nausea,1,2,50.0
Zetia,cramps,3,8,37.5
Zetia,anxiety,1,8,12.5
Zetia,diarrhea,1,8,12.5
Zetia,dizziness,1,8,12.5
Zetia,fatigue,1,8,12.5
Zetia,joint / muscle pain,1,8,12.5
Ziana,bleeding,1,7,14.3
Ziana,rash / itching,1,7,14.3
Zileuton,fatigue,1,1,100.0
Ziprasidone,fatigue,4,49,8.2
Ziprasidone,vomiting,4,49,8.2
Ziprasidone,dizziness,3,49,6.1
Ziprasidone,heart palpitations,3,49,6.1
Ziprasidone,insomnia,3,49,6.1
Ziprasidone,nausea,3,49,6.1
Ziprasidone,rash / itching,3,49,6.1
Ziprasidone,weight gain,3,49,6.1
Ziprasidone,depression,2,49,4.1
Ziprasidone,joint / muscle pain,2,49,4.1
Ziprasidone,anxiety,1,49,2.0
Ziprasidone,bleeding,1,49,2.0
Ziprasidone,cramps,1,49,2.0
Ziprasidone,diarrhea,1,49,2.0
Ziprasidone,dry mouth,1,49,2.0
Zithromax,diarrhea,4,10,40.0
Zithromax,nausea,2,10,20.0
Zithromax,anxiety,1,10,10.0
Zithromax,dizziness,1,10,10.0
Zithromax,drowsiness,1,10,10.0
Zithromax,headache,1,10,10.0
Zithromax,heart palpitations,1,10,10.0
Zithromax,vomiting,1,10,10.0
Zocor,headache,2,3,66.7
Zocor,depression,1,3,33.3
Zocor,dizziness,1,3,33.3
Zocor,joint / muscle pain,1,3,33.3
Zofran,headache,3,9,33.3
Zofran,constipation,2,9,22.2
Zofran,dizziness,2,9,22.2
Zofran ODT,constipation,1,3,33.3
Zofran ODT,headache,1,3,33.3
Zoladex,depression,1,3,33.3
Zoladex,headache,1,3,33.3
Zoladex,mood swings,1,3,33.3
Zoledronic acid,diarrhea,3,15,20.0
Zoledronic acid,headache,3,15,20.0
Zoledronic acid,constipation,2,15,13.3
Zoledronic acid,dizziness,2,15,13.3
Zoledronic acid,cramps,1,15,6.7
Zoledronic acid,fatigue,1,15,6.7
Zoledronic acid,joint / muscle pain,1,15,6.7
Zoledronic acid,nausea,1,15,6.7
Zoledronic acid,rash / itching,1,15,6.7
Zolmitriptan,vomiting,2,10,20.0
Zoloft,fatigue,12,94,12.8
Zoloft,nausea,10,94,10.6
Zoloft,diarrhea,8,94,8.5
Zoloft,dizziness,8,94,8.5
Zoloft,headache,7,94,7.4
Zoloft,insomnia,7,94,7.4
Zoloft,weight gain,7,94,7.4
Zoloft,vomiting,5,94,5.3
Zoloft,drowsiness,3,94,3.2
Zoloft,joint / muscle pain,3,94,3.2
Zoloft,low libido,3,94,3.2
Zoloft,acne,2,94,2.1
Zoloft,dry mouth,2,94,2.1
Zoloft,rash / itching,2,94,2.1
Zoloft,anxiety,1,94,1.1
Zoloft,depression,1,94,1.1
Zoloft,heart palpitations,1,94,1.1
Zolpidem,depression,9,83,10.8
Zolpidem,fatigue,9,83,10.8
Zolpidem,headache,7,83,8.4
Zolpidem,anxiety,6,83,7.2
Zolpidem,drowsiness,5,83,6.0
Zolpidem,dizziness,2,83,2.4
Zolpidem,constipation,1,83,1.2
Zolpidem,cramps,1,83,1.2
Zolpidem,dry mouth,1,83,1.2
Zolpidem,rash / itching,1,83,1.2
Zolpidem,weight gain,1,83,1.2
Zomig,dizziness,2,7,28.6
Zomig,rash / itching,2,7,28.6
Zomig,nausea,1,7,14.3
Zonegran,depression,1,3,33.3
Zonegran,fatigue,1,3,33.3
Zonegran,headache,1,3,33.3
Zonegran,mood swings,1,3,33.3
Zonegran,nausea,1,3,33.3
Zonegran,vomiting,1,3,33.3
Zonisamide,depression,3,14,21.4
Zonisamide,headache,1,14,7.1
Zonisamide,nausea,1,14,7.1
Zonisamide,rash / itching,1,14,7.1
Zonisamide,vomiting,1,14,7.1
Zovia,acne,4,8,50.0
Zovia,cramps,3,8,37.5
Zovia,mood swings,3,8,37.5
Zovia,weight gain,3,8,37.5
Zovia,bleeding,2,8,25.0
Zovia 1 / 35,weight gain,2,2,100.0
Zovia 1 / 35,acne,1,2,50.0
Zovia 1 / 35,depression,1,2,50.0
Zovia 1 / 35,low libido,1,2,50.0
Zovia 1 / 35,mood swings,1,2,50.0
Zubsolv,depression,2,4,50.0
Zubsolv,anxiety,1,4,25.0
Zubsolv,constipation,1,4,25.0
Zubsolv,headache,1,4,25.0
Zubsolv,mood swings,1,4,25.0
Zubsolv,rash / itching,1,4,25.0
Zyban,nausea,2,3,66.7
Zyban,headache,1,3,33.3
Zyclara,fatigue,1,3,33.3
Zyclara,nausea,1,3,33.3
Zyprexa,weight gain,9,31,29.0
Zyprexa,fatigue,5,31,16.1
Zyprexa,diarrhea,1,31,3.2
Zyprexa,drowsiness,1,31,3.2
Zyprexa,dry mouth,1,31,3.2
Zyprexa,insomnia,1,31,3.2
Zyprexa Zydis,dizziness,1,2,50.0
Zyprexa Zydis,drowsiness,1,2,50.0
Zyrtec,fatigue,2,8,25.0
Zyrtec,rash / itching,2,8,25.0
Zyrtec,drowsiness,1,8,12.5
depo-subQ provera 104,anxiety,1,1,100.0
ella,cramps,3,9,33.3
ella,bleeding,1,9,11.1
ella,dizziness,1,9,11.1
ella,fatigue,1,9,11.1
ella,headache,1,9,11.1
ella,nausea,1,9,11.1
